,id,uri,Track Name,Artist,Acousticness,Daceability,Energy,Instrumentalness,Liveness,Loudness,Speechiness,Tempo,Time Signature,Liked
0,7oDd86yk8itslrA9HRP2ki,spotify:track:7oDd86yk8itslrA9HRP2ki,Die For You - Remix,The Weeknd,0.232,0.531,0.525,0.0,0.441,-6.5,0.0671,66.9,4,0
1,0yLdNVWF3Srea0uzk55zFn,spotify:track:0yLdNVWF3Srea0uzk55zFn,Flowers,Miley Cyrus,0.0632,0.707,0.681,5.15e-06,0.0322,-4.325,0.0668,117.999,4,0
2,6AQbmUe0Qwf5PZnt4HmTXv,spotify:track:6AQbmUe0Qwf5PZnt4HmTXv,Boy's a liar Pt. 2,PinkPantheress,0.252,0.696,0.809,0.000128,0.248,-8.254,0.05,132.962,4,0
3,1Qrg8KqiBpW07V7PNxwwwL,spotify:track:1Qrg8KqiBpW07V7PNxwwwL,Kill Bill,SZA,0.0521,0.644,0.735,0.144,0.161,-5.747,0.0391,88.98,4,0
4,5Z2MiIZ5I3jJvvmeWMLbOQ,spotify:track:5Z2MiIZ5I3jJvvmeWMLbOQ,Escapism.,RAYE,0.138,0.538,0.742,4.67e-05,0.0934,-5.355,0.114,96.107,4,0
5,2dHHgzDwk4BJdRwy9uXhTO,spotify:track:2dHHgzDwk4BJdRwy9uXhTO,Creepin' (with The Weeknd & 21 Savage),Metro Boomin,0.417,0.715,0.62,0.0,0.0822,-6.005,0.0484,97.95,4,0
6,0WtM2NBVQNNJLh6scP13H8,spotify:track:0WtM2NBVQNNJLh6scP13H8,Calm Down (with Selena Gomez),Rema,0.382,0.801,0.806,0.000669,0.114,-5.206,0.0381,106.999,4,0
7,0DWdj2oZMBFSzRsi2Cvfzf,spotify:track:0DWdj2oZMBFSzRsi2Cvfzf,TQG,KAROL G,0.673,0.72,0.63,0.0,0.0936,-3.547,0.277,179.974,4,0
8,4LRPiXqCikLlN15c3yImP7,spotify:track:4LRPiXqCikLlN15c3yImP7,As It Was,Harry Styles,0.342,0.52,0.731,0.00101,0.311,-5.338,0.0557,173.93,4,0
9,6UN73IYd0hZxLi8wFPMQij,spotify:track:6UN73IYd0hZxLi8wFPMQij,Players,Coi Leray,0.03,0.954,0.516,7.54e-06,0.0504,-5.817,0.16,105.001,4,0
10,1xzi1Jcr7mEi9K2RfzLOqS,spotify:track:1xzi1Jcr7mEi9K2RfzLOqS,CUFF IT,Beyoncé,0.0368,0.78,0.689,9.69e-06,0.0698,-5.668,0.141,115.042,4,0
11,0V3wPSX9ygBnCm8psDIegu,spotify:track:0V3wPSX9ygBnCm8psDIegu,Anti-Hero,Taylor Swift,0.13,0.637,0.643,1.8e-06,0.142,-6.571,0.0519,97.008,4,0
12,5odlY52u43F5BjByhxg7wg,spotify:track:5odlY52u43F5BjByhxg7wg,golden hour,JVKE,0.653,0.515,0.593,0.162,0.25,-4.801,0.0322,94.467,3,0
13,4nrPB8O7Y7wsOCJdgXkthe,spotify:track:4nrPB8O7Y7wsOCJdgXkthe,"Shakira: Bzrp Music Sessions, Vol. 53",Bizarrap,0.274,0.778,0.632,0.0,0.0915,-5.6,0.0493,122.104,4,0
14,3nqQXoyQOWXiESFLlDF1hG,spotify:track:3nqQXoyQOWXiESFLlDF1hG,Unholy (feat. Kim Petras),Sam Smith,0.013,0.714,0.472,4.51e-06,0.266,-7.375,0.0864,131.121,4,0
15,4FyesJzVpA39hbYvcseO2d,spotify:track:4FyesJzVpA39hbYvcseO2d,Just Wanna Rock,Lil Uzi Vert,0.0652,0.486,0.545,0.00474,0.0642,-7.924,0.0336,150.187,4,0
16,4sx6NRwL6Ol3V6m9exwGlQ,spotify:track:4sx6NRwL6Ol3V6m9exwGlQ,Love Again,The Kid LAROI,0.716,0.662,0.398,0.0,0.111,-6.691,0.0275,107.001,4,0
17,1yHVHoz6Ny29gbbWJYVnFt,spotify:track:1yHVHoz6Ny29gbbWJYVnFt,Heaven,Niall Horan,0.0708,0.571,0.761,0.0,0.331,-3.485,0.0261,91.991,4,0
18,3zkyus0njMCL6phZmNNEeN,spotify:track:3zkyus0njMCL6phZmNNEeN,LET GO,Central Cee,0.859,0.735,0.449,0.0,0.213,-9.933,0.383,146.016,4,0
19,4uUG5RXrOk84mYEfFvj3cK,spotify:track:4uUG5RXrOk84mYEfFvj3cK,I'm Good (Blue),David Guetta,0.00383,0.561,0.965,7.07e-06,0.371,-3.673,0.0343,128.04,4,0
20,65FftemJ1DbbZ45DUfHJXE,spotify:track:65FftemJ1DbbZ45DUfHJXE,OMG,NewJeans,0.357,0.804,0.771,3.07e-06,0.108,-4.067,0.0433,126.956,4,0
21,4iZ4pt7kvcaH6Yo8UoZ4s2,spotify:track:4iZ4pt7kvcaH6Yo8UoZ4s2,Snooze,SZA,0.141,0.559,0.551,0.0,0.11,-7.231,0.132,143.008,4,0
22,78Sw5GDo6AlGwTwanjXbGh,spotify:track:78Sw5GDo6AlGwTwanjXbGh,Here With Me,d4vd,0.534,0.574,0.469,9.21e-05,0.128,-8.209,0.0254,132.023,4,0
23,6BePGk3eCan4FqaW2X8Qy3,spotify:track:6BePGk3eCan4FqaW2X8Qy3,10:35,Tiësto,0.0683,0.696,0.793,3.78e-06,0.18,-5.733,0.097,120.003,4,0
24,0QHEIqNKsMoOY5urbzN48u,spotify:track:0QHEIqNKsMoOY5urbzN48u,Made You Look,Meghan Trainor,0.345,0.838,0.525,1.92e-06,0.0771,-3.562,0.0665,144.981,4,0
25,4h9wh7iOZ0GGn8QVp4RAOB,spotify:track:4h9wh7iOZ0GGn8QVp4RAOB,I Ain't Worried,OneRepublic,0.0826,0.704,0.797,0.000745,0.0546,-5.927,0.0475,139.994,4,0
26,26b3oVLrRUaaybJulow9kz,spotify:track:26b3oVLrRUaaybJulow9kz,People,Libianca,0.551,0.573,0.422,1.31e-05,0.102,-7.621,0.0678,124.357,5,0
27,2L9N0zZnd37dwF0clgxMGI,spotify:track:2L9N0zZnd37dwF0clgxMGI,ceilings,Lizzy McAlpine,0.473,0.516,0.322,0.00194,0.215,-11.762,0.0292,148.005,3,0
28,0O6u0VJ46W86TxN9wgyqDj,spotify:track:0O6u0VJ46W86TxN9wgyqDj,I Like You (A Happier Song) (with Doja Cat),Post Malone,0.121,0.733,0.67,0.0,0.121,-6.009,0.0751,100.964,4,0
29,73vIOb4Q7YN6HeJTbscRx5,spotify:track:73vIOb4Q7YN6HeJTbscRx5,Miss You,Oliver Tree,0.0128,0.587,0.742,0.00107,0.146,-6.64,0.0529,145.007,4,0
30,38T0tPVZHcPZyhtOcCP7pF,spotify:track:38T0tPVZHcPZyhtOcCP7pF,STAR WALKIN' (League of Legends Worlds Anthem),Lil Nas X,0.148,0.637,0.715,0.0,0.0892,-4.971,0.0455,141.872,4,0
31,1Y3LN4zO1Edc2EluIoSPJN,spotify:track:1Y3LN4zO1Edc2EluIoSPJN,Until I Found You (with Em Beihold) - Em Beihold Version,Stephen Sanchez,0.777,0.551,0.55,0.0,0.202,-5.339,0.0286,101.19,3,0
32,3i0FkJYlU4MFfYkjFHXXAM,spotify:track:3i0FkJYlU4MFfYkjFHXXAM,I'm Not Here To Make Friends,Sam Smith,0.172,0.698,0.895,1.45e-05,0.409,-4.439,0.0628,114.914,4,0
33,1qEmFfgcLObUfQm0j1W2CK,spotify:track:1qEmFfgcLObUfQm0j1W2CK,Late Night Talking,Harry Styles,0.298,0.714,0.728,0.0,0.106,-4.595,0.0468,114.996,4,0
34,5jQI2r1RdgtuT8S3iG8zFC,spotify:track:5jQI2r1RdgtuT8S3iG8zFC,Lavender Haze,Taylor Swift,0.258,0.733,0.436,0.000573,0.157,-10.489,0.08,96.985,4,0
35,5Y35SjAfXjjG0sFQ3KOxmm,spotify:track:5Y35SjAfXjjG0sFQ3KOxmm,Nobody Gets Me,SZA,0.805,0.358,0.284,0.0,0.183,-8.285,0.0285,99.796,3,0
36,1bDbXMyjaUIooNwFE9wn0N,spotify:track:1bDbXMyjaUIooNwFE9wn0N,Rich Flex,Drake,0.0503,0.561,0.52,1.86e-06,0.355,-9.342,0.244,153.15,3,0
37,1Ame8XTX6QHY0l0ahqUhgv,spotify:track:1Ame8XTX6QHY0l0ahqUhgv,THE LONELIEST,Måneskin,0.00151,0.519,0.595,0.0,0.0762,-5.001,0.0283,129.786,4,0
38,5CM4UuQ9Gnd6K2YyKGPMoK,spotify:track:5CM4UuQ9Gnd6K2YyKGPMoK,Bad Habit,Steve Lacy,0.626,0.686,0.507,7.51e-05,0.383,-7.097,0.0357,168.955,4,0
39,59uQI0PADDKeE6UZDTJEe8,spotify:track:59uQI0PADDKeE6UZDTJEe8,Last Night,Morgan Wallen,0.459,0.517,0.675,0.0,0.151,-5.382,0.0357,203.853,4,0
40,6dgUya35uo964z7GZXM07g,spotify:track:6dgUya35uo964z7GZXM07g,Nonsense,Sabrina Carpenter,0.0268,0.74,0.697,0.0,0.224,-4.912,0.034,138.992,4,0
41,5ww2BF9slyYgNOk37BlC4u,spotify:track:5ww2BF9slyYgNOk37BlC4u,La Bachata,Manuel Turizo,0.583,0.835,0.679,1.98e-06,0.218,-5.329,0.0364,124.98,4,0
42,0HqZX76SFLDz2aW8aiqi7G,spotify:track:0HqZX76SFLDz2aW8aiqi7G,Bones,Imagine Dragons,0.0206,0.773,0.742,0.0,0.0754,-3.678,0.046,114.071,4,0
43,3WMj8moIAXJhHsyLaqIIHI,spotify:track:3WMj8moIAXJhHsyLaqIIHI,Something in the Orange,Zach Bryan,0.555,0.369,0.192,8.35e-06,0.0954,-12.151,0.04,175.212,3,0
44,1rrqJ9QkOBYJlsZgqqwxgB,spotify:track:1rrqJ9QkOBYJlsZgqqwxgB,Rush,Ayra Starr,0.0369,0.792,0.503,0.00057,0.0959,-8.044,0.0626,99.97,4,0
45,1PckUlxKqWQs3RlWXVBLw3,spotify:track:1PckUlxKqWQs3RlWXVBLw3,About Damn Time,Lizzo,0.0995,0.836,0.743,0.0,0.335,-6.305,0.0656,108.966,4,0
46,4FAKtPVycI4DxoOHC01YqD,spotify:track:4FAKtPVycI4DxoOHC01YqD,Yandel 150,Yandel,0.0492,0.783,0.729,0.000272,0.1,-3.549,0.0691,167.968,4,0
47,0hquQWY3xvYqN4qtiquniF,spotify:track:0hquQWY3xvYqN4qtiquniF,Vegas (From the Original Motion Picture Soundtrack ELVIS),Doja Cat,0.0777,0.801,0.601,3.23e-05,0.145,-7.574,0.255,159.969,4,0
48,0vjeOZ3Ft5jvAi9SBFJm1j,spotify:track:0vjeOZ3Ft5jvAi9SBFJm1j,Superhero (Heroes & Villains) [with Future & Chris Brown],Metro Boomin,0.152,0.526,0.606,2.36e-06,0.194,-5.3,0.259,116.622,4,0
49,1IHWl5LamUGEuP4ozKQSXZ,spotify:track:1IHWl5LamUGEuP4ozKQSXZ,Tití Me Preguntó,Bad Bunny,0.0993,0.65,0.715,0.000291,0.126,-5.198,0.253,106.672,4,0
50,0FA4wrjDJvJTTU8AepZTup,spotify:track:0FA4wrjDJvJTTU8AepZTup,Watch This - ARIZONATEARS Pluggnb Remix,Lil Uzi Vert,0.0103,0.686,0.897,0.103,0.153,-7.18,0.0386,129.975,4,0
51,52NGJPcLUzQq5w7uv4e5gf,spotify:track:52NGJPcLUzQq5w7uv4e5gf,Private Landing (feat. Justin Bieber & Future),Don Toliver,0.0846,0.843,0.669,1.28e-05,0.105,-4.105,0.0639,136.979,4,0
52,2eN0rxTtgxKkmVCNgizayr,spotify:track:2eN0rxTtgxKkmVCNgizayr,Greatness,Quavo,0.0732,0.825,0.718,0.000157,0.142,-2.896,0.0518,139.983,4,0
53,7oLKoGzQVwjZ91AzCn560T,spotify:track:7oLKoGzQVwjZ91AzCn560T,PAINTING PICTURES,Superstar Pride,0.305,0.956,0.515,0.0,0.156,-9.962,0.337,119.937,4,0
54,5BbdKBZO0TH0GhfxUfyhL9,spotify:track:5BbdKBZO0TH0GhfxUfyhL9,Freestyle,Lil Baby,0.217,0.877,0.517,0.0,0.143,-5.426,0.0706,119.996,4,0
55,2fpTRcMLt4aKlqULOwuXUP,spotify:track:2fpTRcMLt4aKlqULOwuXUP,Shmunk (feat. YoungBoy Never Broke Again),Yeat,0.0204,0.744,0.647,0.000116,0.156,-7.301,0.111,141.929,4,0
56,2ehLKvUsJq3EUAPpvT5GOM,spotify:track:2ehLKvUsJq3EUAPpvT5GOM,Kant Nobody (feat. DMX),Lil Wayne,0.282,0.509,0.78,0.0,0.111,-4.793,0.347,175.276,4,0
57,1iQxvF3AQ7Bs3RTBuXqZOA,spotify:track:1iQxvF3AQ7Bs3RTBuXqZOA,Dirt,Key Glock,0.019,0.977,0.379,0.0,0.09,-15.617,0.255,126.961,4,0
58,5ObUmPrfvyC7IEOe3n8Z3J,spotify:track:5ObUmPrfvyC7IEOe3n8Z3J,Way Too Petty,DDG,0.128,0.886,0.64,6.69e-06,0.262,-8.567,0.134,123.977,4,0
59,2Qr5PWUt8XycAAv338LicY,spotify:track:2Qr5PWUt8XycAAv338LicY,Go Down (feat. TisaKorean),Don Toliver,0.201,0.582,0.571,0.0,0.358,-5.578,0.0566,143.892,4,0
60,5ht9obvnnWeW4eoRtPAoQD,spotify:track:5ht9obvnnWeW4eoRtPAoQD,Fact (feat. Lil Uzi Vert),Ghostluvme,0.181,0.779,0.684,0.0,0.0691,-4.963,0.108,124.034,4,0
61,4WuOWVnAqvEQxgSRrspBgt,spotify:track:4WuOWVnAqvEQxgSRrspBgt,Niagara Falls (Foot or 2) [with Travis Scott & 21 Savage],Metro Boomin,0.189,0.671,0.658,8.66e-05,0.147,-5.567,0.309,87.933,4,0
62,1T4k0sw0HldDg004Kw4Oct,spotify:track:1T4k0sw0HldDg004Kw4Oct,Forever (feat. Fridayy),Lil Baby,0.414,0.462,0.251,0.0,0.201,-12.072,0.159,89.705,3,0
63,6i5wxOzIv91jvGwi4gofGn,spotify:track:6i5wxOzIv91jvGwi4gofGn,Raining (feat. Yung Bleu & Murda Beatz),G Herbo,0.563,0.729,0.724,0.0,0.517,-6.262,0.5,94.24,4,0
64,4MUlNqSrMeFAHA6VpJKMo8,spotify:track:4MUlNqSrMeFAHA6VpJKMo8,No Time Wasted (feat. Future),Polo G,0.00642,0.513,0.495,0.0,0.3,-8.454,0.45,150.035,4,0
65,68Dni7IE4VyPkTOH9mRWHr,spotify:track:68Dni7IE4VyPkTOH9mRWHr,No Role Modelz,J. Cole,0.324,0.69,0.521,0.0,0.0534,-8.492,0.339,100.028,4,0
66,5BmB3OaQyYXCqRyN8iR2Yi,spotify:track:5BmB3OaQyYXCqRyN8iR2Yi,Slut Me Out,NLE Choppa,0.117,0.938,0.606,0.0,0.528,-6.396,0.419,121.108,4,0
67,0yUaLqhsVsguBpoOPL4cO7,spotify:track:0yUaLqhsVsguBpoOPL4cO7,In Ha Mood,Ice Spice,0.696,0.768,0.74,6.81e-06,0.23,-6.595,0.336,141.059,4,0
68,2i2qDe3dnTl6maUE31FO7c,spotify:track:2i2qDe3dnTl6maUE31FO7c,Mad Max,Lil Durk,0.0212,0.898,0.64,0.0,0.0919,-8.796,0.255,149.988,4,0
69,0LHbGkO5BhmwzeDT8MDdpe,spotify:track:0LHbGkO5BhmwzeDT8MDdpe,Undefeated,EST Gee,0.279,0.598,0.511,0.0,0.213,-7.788,0.352,162.019,4,0
70,0T0vseuNB4KC8opkrCLNbc,spotify:track:0T0vseuNB4KC8opkrCLNbc,23,NLE Choppa,0.00424,0.852,0.487,2.18e-06,0.201,-7.991,0.204,120.013,4,0
71,0UMqDSXk4xvoCNRrIEPf7T,spotify:track:0UMqDSXk4xvoCNRrIEPf7T,King Snipe,Gucci Mane,0.0103,0.818,0.526,0.0,0.146,-8.078,0.277,125.061,4,0
72,5xsr3QA0kvK4VFADzbUhUt,spotify:track:5xsr3QA0kvK4VFADzbUhUt,Out of State,Finesse2tymes,0.102,0.754,0.814,0.0,0.204,-4.291,0.237,143.993,4,0
73,2Hh3ETdQKrmSI3QS0hme7g,spotify:track:2Hh3ETdQKrmSI3QS0hme7g,Too Many Nights (feat. Don Toliver & with Future),Metro Boomin,0.189,0.684,0.671,2.37e-05,0.122,-4.392,0.0464,88.048,4,0
74,5JS1gz9zP4GTy0LZYvSeUK,spotify:track:5JS1gz9zP4GTy0LZYvSeUK,2 Million Up,Peezy,0.115,0.884,0.423,0.0,0.0895,-10.181,0.275,95.753,4,0
75,1a7tOEheXeaSNathZW4Gzk,spotify:track:1a7tOEheXeaSNathZW4Gzk,Hanging With Wolves,Lil Durk,0.0168,0.823,0.636,0.0,0.108,-7.239,0.0612,151.978,4,0
76,3RKjTYlQrtLXCq5ncswBPp,spotify:track:3RKjTYlQrtLXCq5ncswBPp,"Hey, Mickey!",Baby Tate,0.579,0.912,0.507,0.0,0.167,-11.952,0.0587,134.978,4,0
77,7CpXFEjLntpr4GdOhTtFEv,spotify:track:7CpXFEjLntpr4GdOhTtFEv,"One Mic, One Gun",Nas,0.0351,0.756,0.916,0.0,0.241,-2.692,0.207,149.961,4,0
78,3084aAzars6DR26nCWO9Ep,spotify:track:3084aAzars6DR26nCWO9Ep,Quickie,Moneybagg Yo,0.0901,0.87,0.506,0.0,0.145,-9.415,0.432,137.921,4,0
79,2UQ2oUbHiB8wWYCE42JX0k,spotify:track:2UQ2oUbHiB8wWYCE42JX0k,My All,Polo G,0.0393,0.493,0.613,0.0,0.128,-6.636,0.414,156.104,4,0
80,1CJ8e0zc8uvAmkqdeXrq4u,spotify:track:1CJ8e0zc8uvAmkqdeXrq4u,Leave The Club (feat. Lil Durk & GloRilla),Don Toliver,0.122,0.747,0.701,0.0,0.323,-3.694,0.0338,104.995,4,0
81,3QHGfxhjexLaMKGHXagfRs,spotify:track:3QHGfxhjexLaMKGHXagfRs,Hell Yeah,SoFaygo,0.000113,0.696,0.708,0.0,0.444,-4.737,0.0438,142.026,4,0
82,6yDPFrHZLQbQa9Itd2J4Gp,spotify:track:6yDPFrHZLQbQa9Itd2J4Gp,Water (Drowning Pt. 2) [feat. Kodak Black],A Boogie Wit da Hoodie,0.0392,0.855,0.603,0.0,0.105,-5.488,0.284,129.976,4,0
83,5c2IvJeaFx4m2DmOR1iryD,spotify:track:5c2IvJeaFx4m2DmOR1iryD,Internet Trolls,GloRilla,0.0432,0.765,0.882,0.0,0.353,-3.392,0.414,166.784,4,0
84,7k5lDslyLbcykzUOPGEdKR,spotify:track:7k5lDslyLbcykzUOPGEdKR,Love For The Streets,Young Dolph,0.172,0.799,0.733,1.7e-05,0.332,-6.234,0.216,146.051,4,0
85,53acd3PVcgGCux58YABBr5,spotify:track:53acd3PVcgGCux58YABBr5,Conceited (feat. Lola Brooke & Maiya The Don),Flo Milli,0.0741,0.94,0.761,1.89e-05,0.59,-4.408,0.0979,118.027,4,0
86,6aGpM4DXts4pdRhVKbRYuk,spotify:track:6aGpM4DXts4pdRhVKbRYuk,Don't Play With It (feat. Billy B),Lola Brooke,0.00377,0.763,0.726,0.0,0.0719,-5.61,0.109,99.042,4,0
87,21wkixaulehrFctAvEhvQl,spotify:track:21wkixaulehrFctAvEhvQl,"Let's Ride (feat. YG, Ty Dolla $ign, Lambo4oe) - Trailer Anthem",YG,0.0339,0.611,0.554,0.00418,0.183,-8.122,0.064,95.375,4,0
88,6IyoLWzljeR3ldQo4KWHT6,spotify:track:6IyoLWzljeR3ldQo4KWHT6,Out thë way,Yeat,0.21,0.767,0.628,8.79e-06,0.275,-7.41,0.242,128.07,4,0
89,4lxTmHPgoRWwM9QisWobJL,spotify:track:4lxTmHPgoRWwM9QisWobJL,FTCU (feat. GloRilla & Gangsta Boo),Latto,0.0369,0.894,0.633,0.0,0.178,-5.294,0.298,145.11,4,0
90,4ZyivnzrvDWRjihgqxvXK8,spotify:track:4ZyivnzrvDWRjihgqxvXK8,JOC IN '06,DaBaby,0.0255,0.857,0.524,0.0,0.336,-11.931,0.279,137.943,4,0
91,7hrcHfHWaLhooHzGltlCYB,spotify:track:7hrcHfHWaLhooHzGltlCYB,HO4ME,DJ Drama,0.0769,0.511,0.541,0.0,0.1,-10.1,0.421,101.228,3,0
92,1hnNjI1da0xqGhR81JFVdx,spotify:track:1hnNjI1da0xqGhR81JFVdx,Self Esteem (featuring NLE Choppa),Lambo4oe,0.0135,0.366,0.699,0.0,0.135,-7.468,0.0564,97.201,4,0
93,3fNMgjG8yXaSam46swhz7w,spotify:track:3fNMgjG8yXaSam46swhz7w,KNIGHT CRAWLER (feat. Juice WRLD),Trippie Redd,0.0537,0.679,0.769,0.0,0.309,-3.539,0.24,130.094,4,0
94,7E68rHH6CrKbBYPfpiCLiQ,spotify:track:7E68rHH6CrKbBYPfpiCLiQ,No 808’s (feat. Vory),A Boogie Wit da Hoodie,0.217,0.609,0.503,2.22e-06,0.121,-8.407,0.393,168.363,4,0
95,12Us8e6NFesdkXKf4StU1I,spotify:track:12Us8e6NFesdkXKf4StU1I,Me & You,Central Cee,0.0861,0.603,0.667,0.0,0.0745,-8.716,0.367,141.561,4,0
96,4iy69rTUn8cAY8Q8q9vfOw,spotify:track:4iy69rTUn8cAY8Q8q9vfOw,Gold,Dierks Bentley,0.0482,0.674,0.873,0.0,0.18,-4.256,0.0285,115.01,4,0
97,5ZCjp56T8J6d7amJyFSzrI,spotify:track:5ZCjp56T8J6d7amJyFSzrI,Heart Like A Truck,Lainey Wilson,0.148,0.587,0.632,1.01e-05,0.158,-5.416,0.0311,139.974,4,0
98,6Qpfsw8OS5HW5XxgmXYLWS,spotify:track:6Qpfsw8OS5HW5XxgmXYLWS,Handle On You,Parker McCollum,0.00411,0.588,0.931,0.0,0.345,-3.925,0.0318,105.027,4,0
99,6KGtAlYvgm4W9PoYabFAYE,spotify:track:6KGtAlYvgm4W9PoYabFAYE,One Thing At A Time,Morgan Wallen,0.0042,0.614,0.913,1.72e-06,0.26,-5.126,0.0296,141.982,4,0
100,2DPqR0kuZVjrOF5oxIRYPy,spotify:track:2DPqR0kuZVjrOF5oxIRYPy,Girl In Mine,Parmalee,0.167,0.459,0.682,0.0,0.11,-4.235,0.0464,201.831,4,0
101,2hsarLx1u2OgOmkcJ8ejBm,spotify:track:2hsarLx1u2OgOmkcJ8ejBm,Somethin' Bout You,Mickey Guyton,0.0979,0.667,0.826,0.0,0.151,-3.412,0.0266,112.041,4,0
102,5kB6WithhB8Iv08EMNmAbt,spotify:track:5kB6WithhB8Iv08EMNmAbt,Memory Lane,Old Dominion,0.0189,0.645,0.8,1.12e-05,0.0858,-4.272,0.0363,118.977,4,0
103,2lNTHWu2I5Tcz9ukWsV5Jj,spotify:track:2lNTHWu2I5Tcz9ukWsV5Jj,Next Thing You Know,Jordan Davis,0.646,0.557,0.597,0.0,0.0974,-8.296,0.048,78.526,4,0
104,1jX9wlAgVkAl0fCZqkCI73,spotify:track:1jX9wlAgVkAl0fCZqkCI73,IF YOU GO DOWN (I'M GOIN' DOWN TOO),Kelsea Ballerini,0.454,0.676,0.856,0.0,0.141,-4.35,0.0393,144.092,4,0
105,7ETjhPaIU4UmHOiimJBZz9,spotify:track:7ETjhPaIU4UmHOiimJBZz9,Your Heart Or Mine,Jon Pardi,0.0539,0.639,0.713,0.0,0.102,-4.368,0.0337,86.1,4,0
106,6Tm4Io4ct4w14nB1EUzsY3,spotify:track:6Tm4Io4ct4w14nB1EUzsY3,Whiskey On You,Nate Smith,7.02e-05,0.479,0.768,0.00549,0.121,-5.204,0.0312,110.024,4,0
107,6Z1bV93BP95h4YjIavrQPf,spotify:track:6Z1bV93BP95h4YjIavrQPf,Dancin’ In The Country,Tyler Hubbard,0.00408,0.655,0.869,0.0,0.104,-4.807,0.0633,114.984,4,0
108,3nei8eHEdiwwSfyoOCHPZI,spotify:track:3nei8eHEdiwwSfyoOCHPZI,If He Wanted To He Would,Kylie Morgan,0.0998,0.655,0.617,0.0,0.211,-4.716,0.026,90.015,4,0
109,6Awl7JBDQjfm7xkS3LkhDi,spotify:track:6Awl7JBDQjfm7xkS3LkhDi,We Got History,Mitchell Tenpenny,0.0014,0.628,0.833,0.0,0.104,-6.327,0.0311,98.025,4,0
110,7kkLBfxW41iVO0cdLU9e9S,spotify:track:7kkLBfxW41iVO0cdLU9e9S,God Gave Me A Girl,Russell Dickerson,0.249,0.518,0.845,0.0,0.0764,-5.051,0.0647,142.133,4,0
111,6kCFt2ATuMIE5H9zVEJXei,spotify:track:6kCFt2ATuMIE5H9zVEJXei,That's What Tequila Does,Jason Aldean,0.224,0.522,0.801,0.0,0.301,-5.424,0.1,155.928,3,0
112,0isqpzdmr2hsKb50uBSCdo,spotify:track:0isqpzdmr2hsKb50uBSCdo,Love You a Little Bit,Tanner Adell,0.0401,0.61,0.868,0.0,0.121,-4.098,0.0351,137.943,4,0
113,5AihIu9yF3flkw1jFMyfwW,spotify:track:5AihIu9yF3flkw1jFMyfwW,Human,Cody Johnson,0.176,0.4,0.647,5.79e-05,0.11,-7.279,0.0337,84.08,4,0
114,5OLaVCAM2pqg7X9mAM2W8M,spotify:track:5OLaVCAM2pqg7X9mAM2W8M,What He Didn't Do,Carly Pearce,0.257,0.628,0.632,0.0,0.288,-5.932,0.0325,137.854,4,0
115,1pbUfl4W9KtQ5hNkT6RiXp,spotify:track:1pbUfl4W9KtQ5hNkT6RiXp,Out In The Middle,Zac Brown Band,0.0237,0.516,0.867,0.0,0.106,-3.139,0.0328,166.031,4,0
116,3qXsX3mYSsD1DmAvc3PE3N,spotify:track:3qXsX3mYSsD1DmAvc3PE3N,Love You Anyway,Luke Combs,0.149,0.532,0.489,0.0,0.237,-7.419,0.0311,139.807,4,0
117,1brnLTvarI9D1hLP6z2Ar8,spotify:track:1brnLTvarI9D1hLP6z2Ar8,Thank God,Kane Brown,0.695,0.738,0.455,0.0,0.107,-8.735,0.0352,99.945,4,0
118,4qbibbQ1yK0rPl0JUJS0bz,spotify:track:4qbibbQ1yK0rPl0JUJS0bz,Every Night Every Morning,Maddie & Tae,0.00799,0.618,0.75,0.0,0.141,-4.608,0.0287,123.885,4,0
119,4viFAHmivkYQKkwLvwKOgg,spotify:track:4viFAHmivkYQKkwLvwKOgg,Water Under The Bridge,Sam Hunt,0.0697,0.635,0.866,0.0,0.0955,-2.695,0.0473,133.889,4,0
120,5wtPc1OQ7g1H8FBkwWqbhh,spotify:track:5wtPc1OQ7g1H8FBkwWqbhh,Stars Like Confetti,Dustin Lynch,0.00714,0.623,0.874,0.0,0.143,-3.058,0.0329,109.97,4,0
121,0EAzZ4aKlERuRmAYIXcRX6,spotify:track:0EAzZ4aKlERuRmAYIXcRX6,Songs We Used To Sing,ERNEST,0.434,0.359,0.579,0.0,0.104,-5.752,0.0282,89.721,4,0
122,4QWXSTeUHFzU0INh7SNqSU,spotify:track:4QWXSTeUHFzU0INh7SNqSU,Feel Like This,Ingrid Andress,0.141,0.536,0.605,0.0,0.0614,-5.292,0.0338,130.053,4,0
123,3fl4zil6HJ0N1FL3YIRwdC,spotify:track:3fl4zil6HJ0N1FL3YIRwdC,Tennessee Orange,Megan Moroney,0.126,0.38,0.488,7.23e-06,0.115,-6.637,0.029,156.031,3,0
124,4cF4vuC7Ci29yhnbuoFRZx,spotify:track:4cF4vuC7Ci29yhnbuoFRZx,On A Different Night,Josh Ross,0.0168,0.528,0.711,0.0,0.13,-5.494,0.0326,157.99,4,0
125,4aSRUXfKuBbmje0eXNukuL,spotify:track:4aSRUXfKuBbmje0eXNukuL,It Matters To Her,Scotty McCreery,0.00528,0.516,0.752,3.78e-05,0.251,-5.09,0.0333,105.007,4,0
126,1xk2TQgJNtH3FErgICPgmb,spotify:track:1xk2TQgJNtH3FErgICPgmb,A Special Place,Danielle Bradbery,0.00478,0.485,0.645,0.0,0.24,-4.367,0.0274,82.93,4,0
127,4686eQ81DEswHa90bcdlC9,spotify:track:4686eQ81DEswHa90bcdlC9,Rock and A Hard Place,Bailey Zimmerman,0.577,0.582,0.568,0.0,0.105,-7.3,0.0275,121.991,3,0
128,5Jwcv2Le3Klwgrgyqa12ZA,spotify:track:5Jwcv2Le3Klwgrgyqa12ZA,You Didn’t,Brett Young,0.0421,0.623,0.466,1.45e-06,0.0996,-7.6,0.0265,81.98,3,0
129,6BWOWBSalJEp7woRZSyiMb,spotify:track:6BWOWBSalJEp7woRZSyiMb,Strange,Miranda Lambert,0.0551,0.723,0.633,1.93e-05,0.0665,-6.982,0.0332,112.022,4,0
130,5b4n4Lp2ZAPDGO9nQM5IHR,spotify:track:5b4n4Lp2ZAPDGO9nQM5IHR,For What It’s Worth (feat. Alana Springsteen),BRELAND,0.0985,0.625,0.727,0.0,0.101,-4.532,0.0378,146.154,4,0
131,5JLf54f83nJrxD4IhFaLl7,spotify:track:5JLf54f83nJrxD4IhFaLl7,Brown Eyes Baby,Keith Urban,0.0906,0.521,0.833,3.13e-06,0.0647,-6.992,0.0313,141.944,4,0
132,1KHCFA1Wb1MYQi4WQIYqrm,spotify:track:1KHCFA1Wb1MYQi4WQIYqrm,Y'all Life,Walker Hayes,0.0107,0.607,0.757,0.0,0.158,-6.778,0.0601,164.096,4,0
133,3zAOcNGOFq5Q1OsN0tcxA0,spotify:track:3zAOcNGOFq5Q1OsN0tcxA0,Everything She Ain’t,Hailey Whitters,0.175,0.796,0.621,0.0,0.274,-6.129,0.0346,121.904,4,0
134,418ve8CTLM3XbeGWSq8fA6,spotify:track:418ve8CTLM3XbeGWSq8fA6,Way Down Yonder,Chase Rice,0.17,0.476,0.818,1.24e-05,0.13,-4.259,0.0388,144.131,4,0
135,2fBvSCdG3lDjImqJvnYtvq,spotify:track:2fBvSCdG3lDjImqJvnYtvq,Mountain With A View,Kelsea Ballerini,0.679,0.436,0.434,0.0,0.419,-7.153,0.0502,117.836,4,0
136,4oGCfTHN1hmXGy5mqmJVc3,spotify:track:4oGCfTHN1hmXGy5mqmJVc3,Hate My Heart,Carrie Underwood,0.00958,0.524,0.923,0.0,0.102,-3.53,0.085,149.972,4,0
137,3sT4lmGZF9Gy6XaLYvwH7A,spotify:track:3sT4lmGZF9Gy6XaLYvwH7A,Sundown Somewhere,Restless Road,0.0425,0.602,0.892,1.03e-06,0.172,-4.394,0.0333,114.034,4,0
138,1116cRlf1zVJXVI2fUUwFD,spotify:track:1116cRlf1zVJXVI2fUUwFD,Up There Down Here,Jake Owen,0.234,0.517,0.901,0.0,0.317,-3.51,0.039,150.033,4,0
139,16Sdmdt7jpibASwEsO0s9j,spotify:track:16Sdmdt7jpibASwEsO0s9j,Worth A Shot (feat. Dierks Bentley),Elle King,0.00481,0.554,0.809,0.00156,0.111,-4.893,0.039,159.989,4,0
140,2DvOwcQd7RB5IV7MdlwpvN,spotify:track:2DvOwcQd7RB5IV7MdlwpvN,Damn You,Ella Langley,0.0508,0.58,0.881,0.0,0.106,-3.004,0.042,76.989,4,0
141,57YkkgxAiusJPMtiSG3w3c,spotify:track:57YkkgxAiusJPMtiSG3w3c,Doing Life With Me,Eric Church,0.73,0.646,0.598,5.87e-06,0.118,-10.293,0.0425,80.993,4,0
142,3knS4WXNNRBd3zkx2v78cx,spotify:track:3knS4WXNNRBd3zkx2v78cx,No Body,Blake Shelton,0.0379,0.739,0.72,0.00267,0.23,-6.695,0.026,102.997,4,0
143,7trjNYF5ek7zX4GKSHQZbP,spotify:track:7trjNYF5ek7zX4GKSHQZbP,wait in the truck (feat. Lainey Wilson),HARDY,0.277,0.534,0.466,0.0,0.0979,-6.98,0.0272,140.0,4,0
144,6Rpbzk2LC8xWZI93RyodAq,spotify:track:6Rpbzk2LC8xWZI93RyodAq,Hey Mor,Ozuna,0.00302,0.901,0.589,0.000237,0.0992,-6.713,0.289,98.002,4,0
145,3gOI5aQD4mOMLsP3aWrkon,spotify:track:3gOI5aQD4mOMLsP3aWrkon,TUS GAFITAS,KAROL G,0.315,0.821,0.696,1.07e-05,0.157,-5.796,0.043,122.005,4,0
146,5MxFWjuqQIsbNWbMdMdbli,spotify:track:5MxFWjuqQIsbNWbMdMdbli,La Jumpa,Arcángel,0.298,0.713,0.703,0.0,0.321,-5.769,0.194,123.06,4,0
147,3Zyk5Vd9WNPNVWxvb0EZTk,spotify:track:3Zyk5Vd9WNPNVWxvb0EZTk,X SI VOLVEMOS,KAROL G,0.341,0.793,0.78,0.0,0.111,-4.247,0.249,178.046,4,0
148,38UYeBLfvpnDSG9GznZdnL,spotify:track:38UYeBLfvpnDSG9GznZdnL,Tormenta (feat. Bad Bunny),Gorillaz,0.458,0.637,0.768,0.00192,0.378,-6.468,0.056,94.982,4,0
149,0mzsLrUNazBaRfYZfjmpSV,spotify:track:0mzsLrUNazBaRfYZfjmpSV,Bebe Dame,Fuerza Regida,0.296,0.537,0.602,0.0,0.0715,-4.631,0.0458,157.437,4,0
150,0CYTGMBYkwUxrj1MWDLrC5,spotify:track:0CYTGMBYkwUxrj1MWDLrC5,CHORRITO PA LAS ANIMAS,Feid,0.114,0.743,0.831,6.43e-05,0.35,-4.042,0.0584,95.975,4,0
151,6WbAhuwE6fCOriBu5786X1,spotify:track:6WbAhuwE6fCOriBu5786X1,CAIRO,KAROL G,0.472,0.951,0.692,0.000182,0.0894,-4.038,0.312,115.047,4,0
152,2xVcCDRgG3TrH69TatsUxp,spotify:track:2xVcCDRgG3TrH69TatsUxp,Cupido,TINI,0.521,0.913,0.584,5.36e-05,0.307,-5.263,0.223,119.873,4,0
153,0fADaWdT3obxk7zvHS18VY,spotify:track:0fADaWdT3obxk7zvHS18VY,PANTIES Y BRASIERES,Rauw Alejandro,0.34,0.758,0.888,0.00139,0.144,-2.851,0.0706,107.039,4,0
154,5Fh9fyHRnSwKLo4asG6fEX,spotify:track:5Fh9fyHRnSwKLo4asG6fEX,La Fórmula,Maluma,0.407,0.574,0.925,0.0,0.259,-3.729,0.0648,95.738,4,0
155,0oBtwScT4B4BR5kZitNWd5,spotify:track:0oBtwScT4B4BR5kZitNWd5,PUNTO G,Quevedo,0.251,0.751,0.761,0.000238,0.0991,-4.113,0.15,92.032,4,0
156,2oW52tBeJNSv93Ct5AJb8q,spotify:track:2oW52tBeJNSv93Ct5AJb8q,Una Noche Sin Pensar,Sebastian Yatra,0.0354,0.676,0.858,0.0,0.211,-2.636,0.0467,139.998,4,0
157,1DxEbt6OSbrkRthk6pjZue,spotify:track:1DxEbt6OSbrkRthk6pjZue,MERCHO,LiL CaKe,0.431,0.838,0.79,3.33e-06,0.184,-1.602,0.108,92.927,4,0
158,2caVKAWz7oM5Hw3LDWWVnQ,spotify:track:2caVKAWz7oM5Hw3LDWWVnQ,CHAO BEBE,Ovy On The Drums,0.649,0.869,0.74,7.95e-06,0.135,-4.699,0.108,117.949,4,0
159,54ELExv56KCAB4UP9cOCzC,spotify:track:54ELExv56KCAB4UP9cOCzC,Gato de Noche,Ñengo Flow,0.169,0.892,0.662,1.24e-06,0.363,-3.894,0.162,93.976,4,0
160,6P7Baz3uteblV2zklm39BC,spotify:track:6P7Baz3uteblV2zklm39BC,Emeycé,3AM,0.395,0.707,0.611,3.18e-06,0.11,-5.798,0.0424,93.004,4,0
161,2tTmW7RDtMQtBk7m2rYeSw,spotify:track:2tTmW7RDtMQtBk7m2rYeSw,"Quevedo: Bzrp Music Sessions, Vol. 52",Bizarrap,0.0125,0.621,0.782,0.033,0.23,-5.548,0.044,128.033,4,0
162,0Iozrbed8spxoBnmtBMshO,spotify:track:0Iozrbed8spxoBnmtBMshO,WANDA,Quevedo,0.249,0.724,0.631,0.0,0.213,-4.42,0.0686,176.076,4,0
163,2mpoNBkngUEwnaKoBhZ0vl,spotify:track:2mpoNBkngUEwnaKoBhZ0vl,PRC,Peso Pluma,0.0965,0.784,0.826,7.09e-05,0.123,-6.34,0.0538,138.078,3,0
164,7MVIfkyzuUmQ716j8U7yGR,spotify:track:7MVIfkyzuUmQ716j8U7yGR,Rara Vez,Taiu,0.176,0.838,0.708,0.0,0.343,-4.668,0.166,119.984,4,0
165,0NO2zL0kw8sGGnaMvHKAZF,spotify:track:0NO2zL0kw8sGGnaMvHKAZF,Marisola - Remix,Cris Mj,0.173,0.765,0.872,5.65e-06,0.0749,-5.863,0.0498,94.999,4,0
166,40vzZFWG1h60TdZPuxuX3Y,spotify:track:40vzZFWG1h60TdZPuxuX3Y,Por el Resto de Tu Vida,Christian Nodal,0.355,0.781,0.662,0.0,0.161,-3.825,0.0336,91.999,4,0
167,6OzUIp8KjuwxJnCWkXp1uL,spotify:track:6OzUIp8KjuwxJnCWkXp1uL,Besos Moja2,Wisin & Yandel,0.0584,0.736,0.727,1.91e-06,0.0976,-4.642,0.0571,94.048,4,0
168,1j4yhkxSCEDmiLVKjpYKWq,spotify:track:1j4yhkxSCEDmiLVKjpYKWq,LA HORA Y EL DÍA,Daddy Yankee,0.117,0.806,0.83,0.0,0.101,-3.767,0.0981,81.01,4,0
169,35ns1WEurw3MVlHJjHwNWQ,spotify:track:35ns1WEurw3MVlHJjHwNWQ,La Máquina,Anuel AA,0.0308,0.799,0.775,0.00526,0.309,-5.869,0.077,95.027,4,0
170,2ypbIXW3a7fsLdLtLpZWDZ,spotify:track:2ypbIXW3a7fsLdLtLpZWDZ,Si Me Sobrara el Tiempo,Duki,0.0308,0.733,0.822,0.0,0.101,-3.842,0.077,122.005,4,0
171,5S8i9p2xS8M8pFqfZMbMzI,spotify:track:5S8i9p2xS8M8pFqfZMbMzI,RON COLA,Rauw Alejandro,0.417,0.739,0.682,3.95e-05,0.105,-5.121,0.0972,94.048,4,0
172,3QWCxOv2YharMus6KbfiPJ,spotify:track:3QWCxOv2YharMus6KbfiPJ,Underground,Emilia,0.149,0.803,0.818,0.00471,0.0653,-3.232,0.066,90.999,4,0
173,4EQOGfssbSpTlV6EZRtrSv,spotify:track:4EQOGfssbSpTlV6EZRtrSv,ULALA (OOH LA LA),Myke Towers,0.0462,0.872,0.681,1.38e-05,0.129,-4.348,0.11,96.986,4,0
174,6Um358vY92UBv5DloTRX9L,spotify:track:6Um358vY92UBv5DloTRX9L,Que Vuelvas,Carin Leon,0.187,0.491,0.643,0.0,0.109,-4.309,0.0442,162.469,4,0
175,13FHy6nHjXHbzHj1dZFB1G,spotify:track:13FHy6nHjXHbzHj1dZFB1G,Riri,Young Miko,0.308,0.827,0.544,0.0,0.438,-7.225,0.158,164.999,4,0
176,1PAvhqefivTNdxZ4u8RT1d,spotify:track:1PAvhqefivTNdxZ4u8RT1d,Muñecas,TINI,0.0278,0.681,0.711,0.0,0.312,-4.79,0.0846,89.89,4,0
177,0Dl34Kegtc0y0m0oPhQfiI,spotify:track:0Dl34Kegtc0y0m0oPhQfiI,LA NENA DE ARGENTINA,Maria Becerra,0.0984,0.531,0.58,0.000201,0.101,-4.688,0.188,169.865,4,0
178,3HMlb6Dh9OGr3CjV6IwjEP,spotify:track:3HMlb6Dh9OGr3CjV6IwjEP,De Qué Manera,Mike Bahía,0.692,0.756,0.735,0.0,0.0715,-6.178,0.0668,92.028,4,0
179,2SiAcexM2p1yX6joESbehd,spotify:track:2SiAcexM2p1yX6joESbehd,LLYLM,ROSALÍA,0.129,0.555,0.634,2.32e-06,0.188,-5.522,0.273,170.228,4,0
180,7EyGZtJuOckQfMDJL1PPrH,spotify:track:7EyGZtJuOckQfMDJL1PPrH,Por Deporte,Paulo Londra,0.102,0.711,0.711,0.0,0.138,-6.243,0.406,173.945,4,0
181,4dLIAE3xbJLoiIBbKkZWJk,spotify:track:4dLIAE3xbJLoiIBbKkZWJk,Ojalá,The Rudeboyz,0.325,0.765,0.624,0.0,0.104,-4.932,0.0929,92.984,4,0
182,0rvbMTIWwMZaMC9UnubDPb,spotify:track:0rvbMTIWwMZaMC9UnubDPb,DOMINGO DE BOTE,Mora,0.121,0.813,0.772,0.0,0.0886,-4.921,0.117,119.99,4,0
183,1lRtH4FszTrwwlK5gTSbXO,spotify:track:1lRtH4FszTrwwlK5gTSbXO,AMG,Natanael Cano,0.152,0.772,0.73,0.000107,0.274,-6.657,0.0972,136.175,3,0
184,3kf0WdFOalKWBkCCLJo4mA,spotify:track:3kf0WdFOalKWBkCCLJo4mA,El Gordo Trae El Mando,Chino Pacas,0.179,0.736,0.8,0.0,0.0498,-5.38,0.0525,140.253,3,0
185,3kUq4sBcmxhnOtNysZ9yrp,spotify:track:3kUq4sBcmxhnOtNysZ9yrp,Feliz Cumpleaños Ferxxo,Feid,0.102,0.87,0.55,0.0,0.293,-5.537,0.0722,95.019,4,0
186,5Eax0qFko2dh7Rl2lYs3bx,spotify:track:5Eax0qFko2dh7Rl2lYs3bx,Efecto,Bad Bunny,0.141,0.801,0.475,1.73e-05,0.0639,-8.797,0.0516,98.047,4,0
187,1caKQ2Nqtr1eoczaB83cUz,spotify:track:1caKQ2Nqtr1eoczaB83cUz,Bemaste,Tiago PZK,0.551,0.406,0.418,0.0,0.0737,-6.302,0.0366,126.264,4,0
188,3LWay44eeYFEh27Gf1UA7J,spotify:track:3LWay44eeYFEh27Gf1UA7J,Nunca Tristes (Me Vale Madre),RENEE,0.44,0.726,0.544,3.56e-05,0.124,-4.44,0.229,178.117,4,0
189,0zotwiNo16aaUg76C4Fgl5,spotify:track:0zotwiNo16aaUg76C4Fgl5,I GUESS IT'S LOVE?,The Kid LAROI,0.0662,0.595,0.823,0.0,0.569,-6.448,0.0566,155.005,4,0
190,1OdxQvBNOgCDE3SyqoEDha,spotify:track:1OdxQvBNOgCDE3SyqoEDha,Slow Motion (feat. Wizkid),Don Toliver,0.41,0.5,0.738,3.97e-06,0.223,-4.477,0.417,185.577,4,0
191,6VYAzAQGFsfEAwdorQaZuU,spotify:track:6VYAzAQGFsfEAwdorQaZuU,Die 4 Me,Halsey,0.355,0.694,0.743,0.0,0.275,-4.267,0.0833,145.048,4,0
192,0ixyLzNaPr7G2Fu5ETgssB,spotify:track:0ixyLzNaPr7G2Fu5ETgssB,How Does It Feel,Chlöe,0.208,0.575,0.738,0.0,0.153,-3.65,0.0712,82.609,4,0
193,5FGDtm3MXJe8LikBkOJnOQ,spotify:track:5FGDtm3MXJe8LikBkOJnOQ,I know it won't work,Gracie Abrams,0.537,0.653,0.575,7.9e-05,0.121,-8.95,0.0594,119.888,4,0
194,4l61TlfmTwxt7PdzEe28rz,spotify:track:4l61TlfmTwxt7PdzEe28rz,Wings,Jonas Brothers,0.127,0.371,0.714,0.0,0.12,-5.455,0.145,181.367,3,0
195,5mKiwDDrwG22qKKVL6JZqF,spotify:track:5mKiwDDrwG22qKKVL6JZqF,Rhyme Dust,MK,0.0659,0.925,0.561,0.0271,0.152,-8.675,0.176,128.034,4,0
196,4DmqWDZUtoxBX7wg9eCgzF,spotify:track:4DmqWDZUtoxBX7wg9eCgzF,Ceremony,Skrillex,0.0939,0.791,0.679,0.000139,0.274,-5.274,0.056,140.042,4,0
197,5kUqU9uLc98ndpJiqieN8K,spotify:track:5kUqU9uLc98ndpJiqieN8K,Bruises,Reneé Rapp,0.728,0.496,0.345,0.0,0.0687,-7.893,0.15,180.719,4,0
198,7Jbd2TWvjvJgBwaFbqJ06n,spotify:track:7Jbd2TWvjvJgBwaFbqJ06n,Walking Each Other Home,Dierks Bentley,0.149,0.481,0.751,1.2e-06,0.261,-5.611,0.0389,80.001,4,0
199,4cDQww3uOWSzIsFuomZbi0,spotify:track:4cDQww3uOWSzIsFuomZbi0,Perreándote,Dalex,0.0823,0.653,0.868,1.91e-05,0.272,-4.059,0.0938,180.224,4,0
200,20T6GVAXqxOBAjWoLRf2Ou,spotify:track:20T6GVAXqxOBAjWoLRf2Ou,Lightsabers (feat. C Dot Castro),Logic,0.358,0.545,0.767,0.0,0.558,-3.13,0.217,139.118,4,0
201,2GVThPVZQQ1K21uEefG4r6,spotify:track:2GVThPVZQQ1K21uEefG4r6,One Of Those Days (feat. Lil Yachty & 347aidan),Zack Bia,0.441,0.754,0.547,0.00733,0.176,-6.13,0.298,178.117,4,0
202,2i2gDpKKWjvnRTOZRhaPh2,spotify:track:2i2gDpKKWjvnRTOZRhaPh2,Moonlight,Kali Uchis,0.511,0.639,0.723,0.0,0.167,-6.462,0.0532,136.872,4,0
203,7BvU5P5RgbZ12LJdpF4iPK,spotify:track:7BvU5P5RgbZ12LJdpF4iPK,are you feeling it now,mazie,0.483,0.662,0.6,0.00741,0.174,-7.038,0.026,107.952,4,0
204,1QxTmNDHFmgaxgAolqqgAD,spotify:track:1QxTmNDHFmgaxgAolqqgAD,22,JayO,0.693,0.534,0.821,1.02e-05,0.078,-7.463,0.107,111.032,5,0
205,0UqV4f9Uyp1EwM5jxXex36,spotify:track:0UqV4f9Uyp1EwM5jxXex36,Alone,Jozzy,0.382,0.656,0.77,0.00012,0.101,-5.569,0.0476,84.994,4,0
206,357BPRQBOi7m38Kl3Jn7j8,spotify:track:357BPRQBOi7m38Kl3Jn7j8,Bite,24kGoldn,0.0138,0.758,0.622,1.94e-05,0.108,-7.14,0.07,126.966,4,0
207,2o310aLkmwXLlrS1O5qZv2,spotify:track:2o310aLkmwXLlrS1O5qZv2,Chromosomes,Key Glock,0.0185,0.938,0.816,5.4e-05,0.304,-5.594,0.158,126.956,4,0
208,1vjon7jtpF5usLV2CVxtsw,spotify:track:1vjon7jtpF5usLV2CVxtsw,SHAMELESS $UICIDE,$uicideboy$,0.0412,0.871,0.66,3.08e-06,0.116,-5.631,0.198,150.017,4,0
209,6iZ2inFhxOuHKxOlTwwhZq,spotify:track:6iZ2inFhxOuHKxOlTwwhZq,Next To You (feat. Kane Brown),Loud Luxury,0.223,0.737,0.837,0.0,0.159,-6.448,0.054,118.998,4,0
210,2GAqIzPU7v3kfvY4hZQ9jm,spotify:track:2GAqIzPU7v3kfvY4hZQ9jm,Light On In The Kitchen,Ashley McBryde,0.471,0.629,0.548,2.21e-05,0.104,-7.694,0.0334,165.931,4,0
211,0WlenzbcPClIkMc9lwzXdP,spotify:track:0WlenzbcPClIkMc9lwzXdP,Treated Me Good,Ingrid Andress,0.0166,0.504,0.732,2.49e-05,0.207,-5.444,0.0378,149.966,4,0
212,6bVQ9ygrzZj9B7Z5hLB1bk,spotify:track:6bVQ9ygrzZj9B7Z5hLB1bk,New Order T-Shirt,The National,0.387,0.558,0.747,0.00514,0.0942,-8.76,0.0489,103.42,4,0
213,740fSe2KremXUF2V6e4KnG,spotify:track:740fSe2KremXUF2V6e4KnG,Don't Hate Me,Lola Young,0.000176,0.596,0.681,0.0348,0.112,-5.56,0.104,192.182,4,0
214,4FAdGJxiagKwaF2d8ER1dn,spotify:track:4FAdGJxiagKwaF2d8ER1dn,idtwcbf (friends),BoyWithUke,0.438,0.666,0.574,0.0,0.125,-7.719,0.0366,90.984,4,0
215,15D8qDyRL6NuyxxmQRWosK,spotify:track:15D8qDyRL6NuyxxmQRWosK,Roller Coasters Make Me Sad,Em Beihold,0.0976,0.554,0.477,4.22e-05,0.0989,-7.511,0.0996,191.3,4,0
216,2Fv3WCZVsCxQtkMAQLHMmJ,spotify:track:2Fv3WCZVsCxQtkMAQLHMmJ,promised,quinnie,0.688,0.393,0.579,0.0361,0.0637,-6.511,0.0301,103.077,4,0
217,56kItkqB3oSsLrXK4p3ja4,spotify:track:56kItkqB3oSsLrXK4p3ja4,Over,CHVRCHES,0.00312,0.643,0.687,3.43e-06,0.0714,-5.265,0.0436,121.975,4,0
218,1XuushYZmiAuKpPYTj7p3v,spotify:track:1XuushYZmiAuKpPYTj7p3v,Shut Me Up,Nicky Youre,0.0841,0.623,0.641,1.09e-06,0.06,-3.987,0.0462,185.888,4,0
219,45HSCsfTCoDloxNEof033U,spotify:track:45HSCsfTCoDloxNEof033U,STEP ON ME,Maddie Zahm,0.11,0.33,0.537,0.0,0.123,-6.534,0.0411,80.692,4,0
220,6AaZ0uxY59zj65pyIalnKS,spotify:track:6AaZ0uxY59zj65pyIalnKS,Nadja,Unknown Mortal Orchestra,0.849,0.831,0.362,0.591,0.105,-7.853,0.0574,79.982,4,0
221,5epEhWhXug9oAjJZVgIMVS,spotify:track:5epEhWhXug9oAjJZVgIMVS,Joe,Luke Combs,0.0149,0.583,0.658,0.0,0.374,-6.62,0.0296,76.004,4,0
222,0xfMFT9G8Ekk7CEYtVabIm,spotify:track:0xfMFT9G8Ekk7CEYtVabIm,Told You So,The Band CAMINO,0.000899,0.462,0.979,8.3e-06,0.33,-4.255,0.0664,173.957,4,0
223,7Cgxt0jumHS0Z5B9xmStnS,spotify:track:7Cgxt0jumHS0Z5B9xmStnS,All My Friends,Channel Tres,0.0258,0.775,0.647,0.0861,0.152,-8.041,0.072,123.995,4,0
224,50IvZsOmgJvxjpELTWFaMa,spotify:track:50IvZsOmgJvxjpELTWFaMa,Do You Love Me? (feat. Lil Tjay),Rich The Kid,0.106,0.517,0.705,0.0,0.124,-2.745,0.0505,143.978,4,0
225,7JXVPV3BIeuDs7JImsuN9P,spotify:track:7JXVPV3BIeuDs7JImsuN9P,Hopeful,ODESZA,0.0854,0.34,0.823,0.668,0.141,-7.181,0.0455,119.972,4,0
226,222xHxHw2MXwNX2qRFO6cB,spotify:track:222xHxHw2MXwNX2qRFO6cB,Circle Back Around,Jayda G,0.000737,0.679,0.668,0.507,0.0591,-7.913,0.0315,130.009,4,0
227,1QwoK3ypxUCpvyBqAkpFrn,spotify:track:1QwoK3ypxUCpvyBqAkpFrn,Hypnotized (with skaiwater),Riovaz,0.0183,0.836,0.711,0.000781,0.125,-7.28,0.0334,127.126,4,0
228,0ACfiXjjR1eqnxbqPxrdIC,spotify:track:0ACfiXjjR1eqnxbqPxrdIC,In The Morning,Imanbek,0.0894,0.688,0.804,5.56e-06,0.199,-6.429,0.138,124.084,4,0
229,2dGj0K0iIrgb3ie1QSLtSL,spotify:track:2dGj0K0iIrgb3ie1QSLtSL,POS,Sueco,0.465,0.68,0.688,0.0,0.155,-4.262,0.0425,92.036,4,0
230,4WZKna5ckN3986AHInNedA,spotify:track:4WZKna5ckN3986AHInNedA,Rolls Royce Top,Kembe X,0.824,0.836,0.53,0.0,0.145,-8.166,0.233,138.013,4,0
231,7eKpBgv8NhnHQe3rRinuyr,spotify:track:7eKpBgv8NhnHQe3rRinuyr,Gimme Love,Russ,0.321,0.8,0.633,5.35e-06,0.193,-8.286,0.0316,102.015,4,0
232,2sMEuOP85yZM0qd6W4vxo0,spotify:track:2sMEuOP85yZM0qd6W4vxo0,Stingy,Tink,0.4,0.524,0.471,0.0,0.187,-7.856,0.16,91.98,4,0
233,42RzrKAGLgCzRmUtYeQuRQ,spotify:track:42RzrKAGLgCzRmUtYeQuRQ,Halo - Spotify Singles,Tauren Wells,0.253,0.528,0.456,0.0,0.119,-8.407,0.0373,82.921,4,0
234,68SNAUUgO2XwxykrEboEZN,spotify:track:68SNAUUgO2XwxykrEboEZN,i wanna be your right hand,Nemahsis,0.0553,0.795,0.671,2.97e-05,0.128,-6.579,0.0351,119.01,4,0
235,2G31WfcBUlMGZ8lpJ0bfA1,spotify:track:2G31WfcBUlMGZ8lpJ0bfA1,The Day That I Met You,Matilda Mann,0.889,0.313,0.316,5.36e-06,0.106,-9.872,0.0308,91.587,3,0
236,2VFIq4o2PFqddHWsDQe50c,spotify:track:2VFIq4o2PFqddHWsDQe50c,All the Things You'd Ruin,Meg Smith,0.0771,0.554,0.866,0.0,0.264,-6.79,0.152,157.927,4,0
237,2lgUEHBeAM9b0gpkwzLW6H,spotify:track:2lgUEHBeAM9b0gpkwzLW6H,Kool,Meet Me @ The Altar,0.00263,0.547,0.571,2.31e-05,0.101,-4.997,0.15,164.967,4,0
238,0zDBdVVqplM1fraqw0Au81,spotify:track:0zDBdVVqplM1fraqw0Au81,HATELOVE,Alex Porat,0.312,0.598,0.732,0.0,0.0643,-4.893,0.0432,152.037,4,0
239,0cCGlP0ciQgqsg095WoRI7,spotify:track:0cCGlP0ciQgqsg095WoRI7,"Tux (Your Body Fills Me, Boo)",U.S. Girls,0.00123,0.641,0.875,0.0164,0.0915,-5.814,0.0441,114.017,4,0
240,3NdrWLR4BsyiCGbQQmuwSL,spotify:track:3NdrWLR4BsyiCGbQQmuwSL,Every Heart But Mine,Dylan,0.0259,0.587,0.768,0.0,0.359,-3.948,0.0516,125.048,4,0
241,3gQm8QtxHR8pnMxykb1HHH,spotify:track:3gQm8QtxHR8pnMxykb1HHH,S.H.E.A,RBD,0.0625,0.523,0.751,0.0,0.142,-5.371,0.0499,167.876,4,0
242,67nyrWSrrWoUDTZJX4MjTl,spotify:track:67nyrWSrrWoUDTZJX4MjTl,Slowly Healing,Huddy,0.174,0.525,0.528,0.0,0.297,-5.274,0.0344,75.009,4,0
243,5ON0eOpVmlRo9PZctdBbuQ,spotify:track:5ON0eOpVmlRo9PZctdBbuQ,GHOSTKILLA,1nonly,0.106,0.631,0.858,0.0,0.248,-2.831,0.275,76.95,4,0
244,5IWMe58cuEQrM71D3fsseN,spotify:track:5IWMe58cuEQrM71D3fsseN,Slow,Tiago PZK,0.191,0.62,0.591,2.38e-05,0.3,-7.335,0.116,163.014,4,0
245,3vVglxAcpBVDR0B5HquXrU,spotify:track:3vVglxAcpBVDR0B5HquXrU,OLD SKOOL WHOOP,Sada Baby,0.00705,0.431,0.82,0.0,0.22,-8.591,0.467,150.364,5,0
246,2aiZVh8PAgIVy3wNlsQnhD,spotify:track:2aiZVh8PAgIVy3wNlsQnhD,Done (Let’s Get It),Yaeji,0.0286,0.672,0.68,0.558,0.0929,-8.265,0.0622,173.886,4,0
247,6Vqw0rhS84CwHDG99e6dZx,spotify:track:6Vqw0rhS84CwHDG99e6dZx,Dead End,Blusher,0.00249,0.704,0.775,9.44e-05,0.384,-5.049,0.05,107.051,4,0
248,7u16KXOttsLNh7U8FQx2G1,spotify:track:7u16KXOttsLNh7U8FQx2G1,Death Wish,Jason Isbell and the 400 Unit,0.0135,0.595,0.64,0.00622,0.215,-6.334,0.029,124.917,4,0
249,6G45nT1iMlP1HdJ0MCTuDU,spotify:track:6G45nT1iMlP1HdJ0MCTuDU,"Blood, Sweat & Tears (with Bas & Black Sherif feat. Kel-P)",Dreamville,0.579,0.667,0.498,1.12e-05,0.237,-9.718,0.0725,109.93,4,0
250,69BD6r8XVw0qQEr2N9mj3Y,spotify:track:69BD6r8XVw0qQEr2N9mj3Y,I Don't,Blac Youngsta,0.0132,0.722,0.661,0.0,0.246,-6.66,0.253,81.477,4,0
251,4HRWIVz78yFcWNbZSKzDYY,spotify:track:4HRWIVz78yFcWNbZSKzDYY,Talk It Over,Elderbrook,0.433,0.611,0.591,0.000481,0.128,-9.105,0.0565,125.073,4,0
252,2THWUXFaVM3C2fCKBfYmbX,spotify:track:2THWUXFaVM3C2fCKBfYmbX,"COCKPIT (feat. spill tab, binki & Harve)",Billy Lemos,0.224,0.538,0.521,0.000572,0.134,-7.511,0.111,169.992,4,0
253,72OrO3uJtMEGRlPyKLogvk,spotify:track:72OrO3uJtMEGRlPyKLogvk,Don't Stop the Car,Blake Rose,0.11,0.582,0.761,0.0,0.124,-5.013,0.0847,159.878,4,0
254,27oqAdEmp480usR8hPV5Iq,spotify:track:27oqAdEmp480usR8hPV5Iq,Hold On,Katy Nichole,0.764,0.387,0.494,0.0,0.102,-5.369,0.0334,135.98,4,0
255,4Yd30sxNlXmpsf5IYsoMhf,spotify:track:4Yd30sxNlXmpsf5IYsoMhf,Outside Freestyle,RAAHiiM,0.202,0.729,0.479,0.00419,0.228,-8.125,0.121,109.99,4,0
256,1lhSO8JusksTEPOV7zchg1,spotify:track:1lhSO8JusksTEPOV7zchg1,beat of a slow dance,Musiq Soulchild,0.111,0.317,0.513,0.0,0.128,-8.373,0.0417,90.901,4,0
257,2wqB9l07hjkM1Vc0dXIVQD,spotify:track:2wqB9l07hjkM1Vc0dXIVQD,SAME PLACE,PRETTYMUCH,0.0535,0.682,0.642,5.16e-05,0.127,-9.221,0.0401,102.011,4,0
258,3ywsOYMTPzAOgS9q0rI1Pg,spotify:track:3ywsOYMTPzAOgS9q0rI1Pg,Hooves,Sir Chloe,0.0303,0.51,0.824,0.0094,0.0813,-6.322,0.0701,159.946,4,0
259,59QtD84KONsWuBFL7bwQrP,spotify:track:59QtD84KONsWuBFL7bwQrP,FREAK (Feat. jxdn),Beauty School Dropout,0.00533,0.6,0.727,0.0,0.334,-5.248,0.0826,140.078,4,0
260,5uryeSMcKUDIFVakxsjg6o,spotify:track:5uryeSMcKUDIFVakxsjg6o,parasite,Daniel Leggs,0.866,0.538,0.157,0.00704,0.0877,-16.144,0.0351,114.986,4,0
261,10fdgkGHCbjVIbNBfTSmfx,spotify:track:10fdgkGHCbjVIbNBfTSmfx,Out of Touch,Phabo,0.0161,0.533,0.719,1.26e-06,0.102,-5.68,0.0491,145.485,4,0
262,6y3u6i5claLRiZImccMbyY,spotify:track:6y3u6i5claLRiZImccMbyY,High On You,Sam Fischer,0.728,0.452,0.332,0.0,0.11,-9.389,0.0555,185.594,3,0
263,0iqr64c8WWYb549HKs8sqD,spotify:track:0iqr64c8WWYb549HKs8sqD,Drive You Out Of My Mind,Kassi Ashton,0.0185,0.661,0.933,3.28e-06,0.157,-2.503,0.0656,123.035,5,0
264,4xbIkMrS90gKgacDbv8j5A,spotify:track:4xbIkMrS90gKgacDbv8j5A,Character Development,Allison Ponthier,0.000738,0.566,0.715,3.47e-06,0.275,-7.239,0.0293,124.967,4,0
265,3ZTvrQhqEqHvYThM5CV6WE,spotify:track:3ZTvrQhqEqHvYThM5CV6WE,Do It Faster,Militarie Gun,0.00982,0.567,0.965,0.0,0.101,-3.14,0.233,142.085,4,0
266,3rQaxZaozQfrUEQx1PzT14,spotify:track:3rQaxZaozQfrUEQx1PzT14,Love Song,Softcult,0.0251,0.122,0.57,0.102,0.0722,-6.055,0.0367,172.944,4,0
267,1n7mpf8v5OZL6DKf6a0TD1,spotify:track:1n7mpf8v5OZL6DKf6a0TD1,Bedroom Exile,Giant Rooks,0.0117,0.562,0.882,1.26e-05,0.0913,-4.427,0.0514,161.021,4,0
268,24auUYE1W2wQmHiOqJSBhy,spotify:track:24auUYE1W2wQmHiOqJSBhy,Ridgemont Baby,Monaleo,0.0169,0.758,0.816,0.0,0.115,-5.343,0.317,115.109,5,0
269,449FBzMELJSNmcZOhobcyq,spotify:track:449FBzMELJSNmcZOhobcyq,Show & Prove,Kevin Ross,0.122,0.643,0.785,8.95e-06,0.262,-3.868,0.148,138.968,4,0
270,0OqO4zlrcwiZ8uglzz30Ne,spotify:track:0OqO4zlrcwiZ8uglzz30Ne,Ask G4,G Perico,0.0192,0.894,0.46,2.97e-06,0.126,-7.79,0.149,104.013,4,0
271,6MWUqZrDQWyoRde2pYSlpA,spotify:track:6MWUqZrDQWyoRde2pYSlpA,Blush,Jidenna,0.0218,0.636,0.721,0.0,0.506,-5.588,0.0747,159.908,5,0
272,2mdZX6FuB1fbfWPcTIjpcM,spotify:track:2mdZX6FuB1fbfWPcTIjpcM,You Made Me A Fool,Tobias Dray,0.00277,0.566,0.872,3.73e-06,0.403,-5.195,0.0521,120.12,4,0
273,7jyfcztRYdl9rjrzVQoUQ2,spotify:track:7jyfcztRYdl9rjrzVQoUQ2,i thought i was waiting,VÉRITÉ,0.0345,0.54,0.645,0.0718,0.0985,-6.103,0.0845,78.192,4,0
274,6alDcV8lDaUEv7ChxxBv27,spotify:track:6alDcV8lDaUEv7ChxxBv27,Need to Talk,Creams,0.644,0.711,0.474,1.59e-06,0.0926,-10.004,0.0636,150.048,4,0
275,5CisgeB65yWttE54rFIfZ4,spotify:track:5CisgeB65yWttE54rFIfZ4,Water My Heart (feat. Mereba),rum.gold,0.798,0.525,0.514,0.0211,0.118,-9.29,0.0424,144.099,4,0
276,27ZePBIuQwaBQ1PgqwdL8t,spotify:track:27ZePBIuQwaBQ1PgqwdL8t,Break My Heart,Bella White,0.106,0.41,0.751,1.19e-05,0.318,-4.452,0.0397,145.873,4,0
277,5owS9iWWGd6mDlFjUFzBsw,spotify:track:5owS9iWWGd6mDlFjUFzBsw,Creek Will Rise,Conner Smith,0.0362,0.423,0.887,0.0,0.243,-2.97,0.0537,169.975,4,0
278,3woo6ubZdBV8T1bnGJo88Z,spotify:track:3woo6ubZdBV8T1bnGJo88Z,Thunderhead,Richy Mitch & The Coal Miners,0.825,0.546,0.372,0.0329,0.357,-13.881,0.0373,154.917,3,0
279,2YFtpiy2WoAQVQbM1SIwES,spotify:track:2YFtpiy2WoAQVQbM1SIwES,Tjärnheden,Farsjön,0.993,0.435,0.00661,0.939,0.102,-32.108,0.0433,95.626,3,0
280,3VM35337X7Ro1tesUHnZ95,spotify:track:3VM35337X7Ro1tesUHnZ95,Quand vous souriez,Libor Kolman,0.996,0.484,0.059,0.948,0.106,-25.084,0.0517,89.329,3,0
281,4xO3mTbZDnaDSJtRdgzXQc,spotify:track:4xO3mTbZDnaDSJtRdgzXQc,Allena,M. Ljungström,0.992,0.364,0.0168,0.912,0.103,-30.767,0.0423,138.477,3,0
282,2bjQvSk5T3A2dmnqqeRhzI,spotify:track:2bjQvSk5T3A2dmnqqeRhzI,Saying Things,Emanuel Fremont,0.993,0.307,0.0381,0.945,0.104,-28.197,0.0423,72.453,5,0
283,0jSUVrvKQ0qF8ee1usL34M,spotify:track:0jSUVrvKQ0qF8ee1usL34M,Oaks Bluffs,Elinaura,0.994,0.366,0.108,0.937,0.0949,-20.698,0.0387,174.925,4,0
284,4516jKqIrGNIShWH3WBqmd,spotify:track:4516jKqIrGNIShWH3WBqmd,pæoner,Jonas Hoffmann,0.994,0.323,0.00851,0.927,0.0879,-35.211,0.0434,135.492,3,0
285,73uDJDqIcF5QQWXZ19rH8z,spotify:track:73uDJDqIcF5QQWXZ19rH8z,Morning Dance,Amine Ayad,0.984,0.402,0.0619,0.933,0.111,-23.399,0.0361,65.875,4,0
286,5M6q2VBF4KLF961xGLPFw9,spotify:track:5M6q2VBF4KLF961xGLPFw9,Open to return,Constance Lucas,0.994,0.429,0.0542,0.928,0.105,-28.538,0.0404,72.862,3,0
287,3ZvBA6TQA4CTOZNOyxou90,spotify:track:3ZvBA6TQA4CTOZNOyxou90,Entangled - Ole-Bjørn Talstad Rework,Klur,0.98,0.31,0.0352,0.908,0.0978,-28.139,0.0336,157.343,3,0
288,7hVcd9PDdO0xK8vE3WQqnV,spotify:track:7hVcd9PDdO0xK8vE3WQqnV,Lyrides,Jozef De Schutter,0.994,0.297,0.0126,0.913,0.0785,-27.76,0.0442,171.767,4,0
289,49VzYsJHrITQOn28WBMztb,spotify:track:49VzYsJHrITQOn28WBMztb,Má sestra,Jani Lechleiter,0.995,0.496,0.0317,0.954,0.105,-25.204,0.0479,73.191,4,0
290,4uHzzAb1p6gK5unlp64Vrg,spotify:track:4uHzzAb1p6gK5unlp64Vrg,Amor Eterno,Elisa Avaria,0.994,0.442,0.0719,0.874,0.114,-28.528,0.0346,83.794,3,0
291,5xm1Ot6JDIp5r9SFM6XQrW,spotify:track:5xm1Ot6JDIp5r9SFM6XQrW,Peaceful Thoughts,Listening Wind,0.989,0.377,0.0226,0.941,0.121,-22.748,0.0394,164.635,4,0
292,6axlKJ7OnW6zxM16Hxwbb0,spotify:track:6axlKJ7OnW6zxM16Hxwbb0,Solace,Claire Lerdier,0.994,0.642,0.0202,0.928,0.115,-30.725,0.0424,101.97,3,0
293,5hFkGfx038V0LhqI0Uff2J,spotify:track:5hFkGfx038V0LhqI0Uff2J,Glance Out A Casement Window,Janet Redger,0.992,0.384,0.0189,0.947,0.0967,-31.119,0.0395,62.479,4,0
294,6rvmhiAd5jtT5CzLIcnj4p,spotify:track:6rvmhiAd5jtT5CzLIcnj4p,Nouvelles Tentatives,Zander Shaelyn,0.986,0.405,0.0187,0.924,0.107,-29.086,0.0372,75.78,1,0
295,6eir7TDacjXjFscPxDFHC4,spotify:track:6eir7TDacjXjFscPxDFHC4,The Tree,Ludovico Einaudi,0.994,0.225,0.00332,0.945,0.0936,-38.899,0.0546,67.988,3,0
296,4uoJsS8jQmsHmdoORGzxh0,spotify:track:4uoJsS8jQmsHmdoORGzxh0,Emerald Enlightenment,Aramis Morel,0.996,0.412,0.0289,0.958,0.0895,-32.394,0.0517,151.381,3,0
297,597H3V2av5dnxNcIDa4Yrk,spotify:track:597H3V2av5dnxNcIDa4Yrk,Waitings,Felix Tanguy,0.99,0.344,0.0893,0.927,0.0958,-26.873,0.0354,94.414,3,0
298,02VydYQOYaLGZX2MWoCCQ8,spotify:track:02VydYQOYaLGZX2MWoCCQ8,From Home,Vivian Roost,0.977,0.408,0.0632,0.927,0.175,-24.044,0.0371,126.995,3,0
299,42cskWMuFydbI9f9um1sTj,spotify:track:42cskWMuFydbI9f9um1sTj,Nordanvind,Malmkvist,0.991,0.265,0.0119,0.946,0.097,-33.766,0.0526,99.932,5,0
300,5Y223UTPJjOIDVS2vs73g0,spotify:track:5Y223UTPJjOIDVS2vs73g0,Sun sinking at dusk,Noemi Lucas,0.995,0.414,0.0257,0.896,0.0869,-28.816,0.0375,103.102,4,0
301,5TRzmeTTbtVrsblB0HTZn7,spotify:track:5TRzmeTTbtVrsblB0HTZn7,Tôt le matin,Alonzo Gautier,0.995,0.495,0.084,0.968,0.102,-24.684,0.0735,69.216,4,0
302,63oFS9JTsvadCXUqwqA7p0,spotify:track:63oFS9JTsvadCXUqwqA7p0,Shizukana,Isshi Matsuriza,0.99,0.47,0.0593,0.934,0.104,-28.563,0.0355,113.418,4,0
303,763DOeT2XIrzMjbC3LLF5i,spotify:track:763DOeT2XIrzMjbC3LLF5i,Lydian Fairytale,Nascondiglio,0.991,0.428,0.0253,0.912,0.117,-29.558,0.0388,70.853,4,0
304,70pC9IQb39VDNUm3Uio5kD,spotify:track:70pC9IQb39VDNUm3Uio5kD,Un sourire et une larme (valse),Tom Kristiaan,0.994,0.441,0.018,0.952,0.116,-27.154,0.0456,107.794,3,0
305,3x16lncPJzr2VDTtVrPpgj,spotify:track:3x16lncPJzr2VDTtVrPpgj,At The End Of The Day,Frederico Morales,0.991,0.481,0.0246,0.955,0.11,-24.192,0.0393,100.305,4,0
306,10qZCmeusg6BbdHDTMADpr,spotify:track:10qZCmeusg6BbdHDTMADpr,Twilights,Mirta da Silva,0.994,0.396,0.0281,0.878,0.103,-30.963,0.0333,100.61,4,0
307,63PdrrV4D4DtKpB4JEKMTJ,spotify:track:63PdrrV4D4DtKpB4JEKMTJ,Je m'amoure de cette sensation,A. Blomqvist,0.972,0.371,0.0698,0.91,0.112,-26.32,0.0444,131.656,5,0
308,7zVpXNJWZTx9VFGsASdvDb,spotify:track:7zVpXNJWZTx9VFGsASdvDb,Liminal ride,Luna Bauer,0.989,0.321,0.0269,0.891,0.105,-27.988,0.0312,90.174,4,0
309,6tw5ZIanXzO4ufu4abt7Vn,spotify:track:6tw5ZIanXzO4ufu4abt7Vn,Berceuse,Sounds from a Box,0.994,0.402,0.0185,0.937,0.106,-30.302,0.0393,67.394,3,0
310,4EIbWNNAT3TqvzflNhGKyU,spotify:track:4EIbWNNAT3TqvzflNhGKyU,Pines and Cedars,Maya Sarfatto,0.994,0.439,0.0237,0.938,0.0969,-30.434,0.0397,113.805,4,0
311,75XNNOrKVTwJ1lEGbE1a8q,spotify:track:75XNNOrKVTwJ1lEGbE1a8q,Ved,Anton Lindholm,0.995,0.259,0.0424,0.892,0.103,-28.504,0.0406,205.672,4,0
312,0vebajCQqWh9EQ5wAYguqo,spotify:track:0vebajCQqWh9EQ5wAYguqo,Benediction,Nadav Amir-Himmel,0.995,0.375,0.0662,0.922,0.131,-26.344,0.0483,117.282,4,0
313,1g3qZv1GGqwMBrXzogTpTx,spotify:track:1g3qZv1GGqwMBrXzogTpTx,fields of forever - sleep rework,Chad Lawson,0.995,0.663,0.0132,0.953,0.0887,-33.243,0.046,120.107,4,0
314,502QNU8kHHhL4rA9ft0Jcl,spotify:track:502QNU8kHHhL4rA9ft0Jcl,Young Ones,Charles Weathersby,0.99,0.454,0.0783,0.949,0.116,-24.746,0.0377,93.185,3,0
315,5Ooy87HjMYRxy5qiRNsilk,spotify:track:5Ooy87HjMYRxy5qiRNsilk,Winterfall,Eric Ville de Soins,0.989,0.39,0.0483,0.922,0.0992,-33.732,0.0294,107.079,4,0
316,7F6hlMdM7OrUw8C1W4pjAC,spotify:track:7F6hlMdM7OrUw8C1W4pjAC,Poesia,Fernando Alegre,0.996,0.641,0.0114,0.964,0.106,-27.475,0.0458,80.989,3,0
317,3iTgM3cDPpZCQ4GL1pP0Ss,spotify:track:3iTgM3cDPpZCQ4GL1pP0Ss,Act Of Reconciling,Herbe Matin,0.992,0.469,0.0029,0.939,0.135,-40.436,0.0525,116.219,4,0
318,2QvgJkZmnXdozvMMgfohJp,spotify:track:2QvgJkZmnXdozvMMgfohJp,Tomorrow,Nate LaFleur,0.967,0.289,0.034,0.884,0.108,-32.438,0.0346,122.271,4,0
319,4dHsrfybYMwR47LWYjLxR5,spotify:track:4dHsrfybYMwR47LWYjLxR5,inverno 1,Sebastián Voyage,0.995,0.355,0.011,0.92,0.0869,-29.906,0.0438,65.235,4,0
320,0tL0JB08d5De5zBko245Y8,spotify:track:0tL0JB08d5De5zBko245Y8,Sommarvals,Christian Peterson-Bergling,0.973,0.352,0.0464,0.879,0.107,-27.631,0.0307,98.943,4,0
321,3hy3BLtI2pYAGZOjNvg8Hy,spotify:track:3hy3BLtI2pYAGZOjNvg8Hy,Nightfall,Michael Lavigne,0.992,0.462,0.0404,0.941,0.103,-23.787,0.038,75.08,4,0
322,244BGt6n916G7NdoOUKSsX,spotify:track:244BGt6n916G7NdoOUKSsX,Take care,Wilson Trouvé,0.992,0.412,0.0451,0.932,0.103,-30.732,0.0419,170.149,3,0
323,48Jivh6jAj87eK6lj3FtUo,spotify:track:48Jivh6jAj87eK6lj3FtUo,Koto - piano room,Hideyuki Hashimoto,0.991,0.445,0.0367,0.944,0.0896,-31.319,0.0433,75.396,3,0
324,5opvuJQY6nSCwA0Wj42yC9,spotify:track:5opvuJQY6nSCwA0Wj42yC9,Untold Stories,Josh Kramer,0.973,0.278,0.0839,0.916,0.106,-26.123,0.0368,133.389,3,0
325,6yFNVbbhoPzPmGCYZWlFcw,spotify:track:6yFNVbbhoPzPmGCYZWlFcw,Days Passing By,Noomi Meerbach,0.993,0.362,0.0317,0.964,0.0994,-24.252,0.0496,81.007,4,0
326,5Nx2GkAaDfh18aZ99OyctW,spotify:track:5Nx2GkAaDfh18aZ99OyctW,Together Again,Cinthya Garcia,0.993,0.364,0.064,0.925,0.0971,-24.643,0.0384,131.662,4,0
327,4EQRrRdoQ8vC4ULe8Kygpw,spotify:track:4EQRrRdoQ8vC4ULe8Kygpw,If You Should Go,Nora Gray,0.996,0.611,0.0126,0.94,0.107,-26.619,0.0671,68.395,4,0
328,5DWI8rBs9a5fyeR35poYYm,spotify:track:5DWI8rBs9a5fyeR35poYYm,Léopoldine,Gaspar Parentau,0.996,0.527,0.0338,0.969,0.184,-26.245,0.0832,67.807,4,0
329,3XQE7ZJGVZTcPcZMZslJk5,spotify:track:3XQE7ZJGVZTcPcZMZslJk5,Periferi,Aeyes Libe,0.994,0.49,0.0207,0.924,0.134,-26.438,0.036,99.583,3,0
330,7ex04ig5hEOizRLHLGlLO7,spotify:track:7ex04ig5hEOizRLHLGlLO7,for you,Holly Jones,0.988,0.328,0.00758,0.937,0.109,-26.281,0.039,92.095,4,0
331,0BZLKyvqypWnn5kfysaNPt,spotify:track:0BZLKyvqypWnn5kfysaNPt,in a room full of you,like gentle rain,0.995,0.446,0.018,0.937,0.0651,-27.431,0.0436,111.725,4,0
332,5TQcYO4moNRTTrtM5Frj30,spotify:track:5TQcYO4moNRTTrtM5Frj30,Handmade,Bodi Lukasz,0.993,0.499,0.033,0.947,0.0946,-28.101,0.0398,94.543,4,0
333,1FxrWXRLIi0aUDlTQNLQZY,spotify:track:1FxrWXRLIi0aUDlTQNLQZY,Mist,Sarah Keen,0.992,0.516,0.0267,0.899,0.0963,-30.229,0.0461,110.636,4,0
334,23yqVbpiJoMHTs0RX4aPE7,spotify:track:23yqVbpiJoMHTs0RX4aPE7,Hand in Hand,Kylian Rebour,0.992,0.616,0.0148,0.964,0.113,-30.179,0.069,89.902,3,0
335,2PPYHVE2EqwC8GASDE5Qzi,spotify:track:2PPYHVE2EqwC8GASDE5Qzi,Monte Viso,Gente di Toscana,0.983,0.464,0.032,0.954,0.109,-28.106,0.056,69.306,4,0
336,2WCeRZDVyagKARVqAxr7QW,spotify:track:2WCeRZDVyagKARVqAxr7QW,Snow Kiss,Freya Rääf,0.983,0.268,0.11,0.918,0.112,-20.651,0.0335,75.745,1,0
337,1fFH5FN5xZx2WT2dBXm4qx,spotify:track:1fFH5FN5xZx2WT2dBXm4qx,Inside 内,Li Zemin,0.975,0.283,0.0329,0.899,0.109,-28.74,0.0341,139.106,3,0
338,3W6h25jvS5vCfUoGuZFx9c,spotify:track:3W6h25jvS5vCfUoGuZFx9c,Moonflowers,Donald Kutcher,0.993,0.269,0.0515,0.944,0.101,-26.372,0.0588,161.705,4,0
339,2HwCcCi8Up9NECNBRt0yTV,spotify:track:2HwCcCi8Up9NECNBRt0yTV,Hideaway,Igulfrid,0.991,0.356,0.0186,0.929,0.0996,-26.729,0.042,84.753,4,0
340,2m7XqU0gRlcPasjZCKvp6f,spotify:track:2m7XqU0gRlcPasjZCKvp6f,Winterwald,Stephan Neudorf,0.995,0.499,0.0682,0.97,0.119,-25.339,0.0769,94.127,4,0
341,7oWtvkBURDJnmTZr40IE6k,spotify:track:7oWtvkBURDJnmTZr40IE6k,Purity,Colias Fieldii,0.995,0.438,0.081,0.857,0.136,-28.598,0.044,130.054,4,0
342,6hzlEcgzqLW9UbLsUZMTVP,spotify:track:6hzlEcgzqLW9UbLsUZMTVP,Holding Hands,Junie Graziano,0.996,0.421,0.00625,0.949,0.111,-28.841,0.0467,65.229,4,0
343,2p5THyuNwpJ9c7ex3TN383,spotify:track:2p5THyuNwpJ9c7ex3TN383,Nowesind,Jacob David,0.903,0.304,0.0902,0.907,0.111,-32.824,0.0489,114.487,4,0
344,6WRGJsfwcYjyOtzgpyizPV,spotify:track:6WRGJsfwcYjyOtzgpyizPV,Delightful,Richard Mahees,0.944,0.433,0.0443,0.928,0.106,-23.394,0.0365,90.192,4,0
345,4W4kAu3nU0Zp8WH7owpjbn,spotify:track:4W4kAu3nU0Zp8WH7owpjbn,Sunrise,Moises Daniel,0.992,0.411,0.00955,0.936,0.0864,-31.943,0.0462,130.965,3,0
346,4RfSDsnP15kSfeu4FxItmX,spotify:track:4RfSDsnP15kSfeu4FxItmX,Distance,Adrián Úlfur,0.986,0.285,0.0186,0.9,0.119,-30.443,0.0415,59.852,3,0
347,0wNiKz7dVespHZP02RCDlE,spotify:track:0wNiKz7dVespHZP02RCDlE,Azure,Ryley Moss,0.991,0.392,0.0632,0.898,0.107,-23.416,0.0347,97.821,4,0
348,08DMzELdDyuk2DDd26C28y,spotify:track:08DMzELdDyuk2DDd26C28y,Borrowed Time,Esme Sanford,0.995,0.499,0.0791,0.945,0.103,-25.976,0.0545,67.661,5,0
349,38IQW5WbKIQwSDsMQPMLSk,spotify:track:38IQW5WbKIQwSDsMQPMLSk,Rainbow,Dylan John Sparkes,0.994,0.411,0.0235,0.896,0.095,-32.494,0.0388,143.044,3,0
350,5UOhiSuywxh22VLsnTieUW,spotify:track:5UOhiSuywxh22VLsnTieUW,Quiet At Dawn,Galen Rise,0.995,0.574,0.00617,0.893,0.104,-27.15,0.047,119.921,3,0
351,0ECmXrwUI8YqLnKKom8jq1,spotify:track:0ECmXrwUI8YqLnKKom8jq1,Ruiseñor,Dwight Rivera,0.964,0.381,0.0535,0.953,0.112,-28.548,0.0457,120.128,4,0
352,6lstaOC6qWvXPcXPgWXfc0,spotify:track:6lstaOC6qWvXPcXPgWXfc0,Ottilia,Yana Couto,0.99,0.466,0.101,0.936,0.116,-17.398,0.036,127.232,3,0
353,1j7pycxTWD6vyiKJout75p,spotify:track:1j7pycxTWD6vyiKJout75p,Ellebori,Alvize Fantacone,0.99,0.405,0.0483,0.955,0.12,-23.493,0.0607,63.782,4,0
354,3zMNVUKjygcVJQZMBff6Hc,spotify:track:3zMNVUKjygcVJQZMBff6Hc,På denna väg skall vi vandra,Tindra Rosenlind,0.996,0.56,0.0111,0.939,0.107,-25.463,0.102,71.765,4,0
355,50Ihxe8oJ8cQ1tDYoehuTc,spotify:track:50Ihxe8oJ8cQ1tDYoehuTc,In Repose,Christopher Dicker,0.983,0.354,0.0368,0.96,0.109,-22.43,0.0451,92.885,4,0
356,600m7rqCDlRD80E9MQtVZB,spotify:track:600m7rqCDlRD80E9MQtVZB,Tender,Simeon Road,0.993,0.276,0.0566,0.955,0.121,-26.845,0.0463,129.309,4,0
357,4xqtdONrwig5n3JGVBz1nv,spotify:track:4xqtdONrwig5n3JGVBz1nv,along the path,Zecil Malka,0.995,0.486,0.046,0.943,0.0892,-27.409,0.0418,66.826,5,0
358,2oD7qIB9vDBnE3uBmEh91C,spotify:track:2oD7qIB9vDBnE3uBmEh91C,Alivio,Franco Robert,0.992,0.189,0.0081,0.945,0.0991,-31.99,0.0474,167.139,3,0
359,6stVkYBRCRAL6Eqomde583,spotify:track:6stVkYBRCRAL6Eqomde583,Remembrance,Miriam Raye,0.992,0.501,0.084,0.935,0.116,-25.838,0.0403,103.888,3,0
360,3JxLzqk5HisNeh5I03Mx22,spotify:track:3JxLzqk5HisNeh5I03Mx22,Casa luminosa,Miguel Pérez,0.992,0.355,0.0368,0.937,0.113,-25.302,0.0393,106.637,4,0
361,2XPxkVgxyj4QVaW78kS5vb,spotify:track:2XPxkVgxyj4QVaW78kS5vb,Estelle,Doris Casella,0.994,0.216,0.0575,0.951,0.109,-25.96,0.0501,206.686,4,0
362,1spPkmhaejcIpnjmP6nxq3,spotify:track:1spPkmhaejcIpnjmP6nxq3,Snowed In,Treman,0.978,0.335,0.0798,0.94,0.107,-24.556,0.0393,82.78,5,0
363,7d5LYgI4nXAQD0UdxMr8iE,spotify:track:7d5LYgI4nXAQD0UdxMr8iE,sweetheart,Edvard Kravchuk,0.995,0.259,0.0347,0.964,0.113,-35.626,0.0518,95.397,5,0
364,0npBzVrDKbhg6khGMBuFzQ,spotify:track:0npBzVrDKbhg6khGMBuFzQ,Sand Time,Emil Negri,0.994,0.46,0.0272,0.903,0.0989,-30.699,0.0401,103.954,4,0
365,5UvdAChDs1Rr0GYEkUMZma,spotify:track:5UvdAChDs1Rr0GYEkUMZma,Windspiel,Dario Lessing,0.977,0.42,0.032,0.886,0.0881,-23.019,0.0386,91.463,4,0
366,4vdzY5DNQGGb3pby9pprKD,spotify:track:4vdzY5DNQGGb3pby9pprKD,Sans Regrets,Jordane Tumarinson,0.989,0.367,0.0396,0.937,0.0889,-24.821,0.0537,70.716,5,0
367,1lrgqrIxD3tDYVv6n3i1aL,spotify:track:1lrgqrIxD3tDYVv6n3i1aL,Gloria,Alvaro Pascoal,0.988,0.296,0.0204,0.905,0.106,-29.147,0.0479,119.932,3,0
368,6dG6b98wdolLoHdFaAusxR,spotify:track:6dG6b98wdolLoHdFaAusxR,A New Path,Damien Jeunet,0.985,0.429,0.0423,0.952,0.113,-21.491,0.046,85.457,4,0
369,36wwYDM1vuWHuocV3Nq9hf,spotify:track:36wwYDM1vuWHuocV3Nq9hf,Ask Me Anything,Joseph Seabolt,0.995,0.343,0.0498,0.961,0.11,-26.702,0.0452,171.432,3,0
370,2hvJks7wVAgPubs2ngNOwQ,spotify:track:2hvJks7wVAgPubs2ngNOwQ,Arthur's Theme,Teodor Wolgers,0.988,0.359,0.00661,0.944,0.103,-29.967,0.0366,143.856,3,0
371,4b4DLYtksvYepzKqdgSkAz,spotify:track:4b4DLYtksvYepzKqdgSkAz,Marigold,Santo Trevisani,0.99,0.477,0.0343,0.887,0.109,-27.277,0.0406,71.631,4,0
372,7wvLqTxF6Nm4k579lboPC8,spotify:track:7wvLqTxF6Nm4k579lboPC8,Je t'ai vu,Projet Calmant,0.994,0.405,0.0413,0.951,0.0911,-30.36,0.0465,136.131,4,0
373,5DezuV0RFcMcgA11UGdGBR,spotify:track:5DezuV0RFcMcgA11UGdGBR,Hommage d'amitié,Gunnel Boek,0.99,0.419,0.043,0.954,0.105,-29.477,0.0372,181.943,4,0
374,3v9b94v3ja4RL480ZrJ6bI,spotify:track:3v9b94v3ja4RL480ZrJ6bI,Portraits,Móret Labino,0.991,0.487,0.00855,0.959,0.109,-28.18,0.0441,126.671,4,0
375,1gB9Hvz050IuA28oxXtydl,spotify:track:1gB9Hvz050IuA28oxXtydl,Before We Met,Minik Jakobsen,0.995,0.354,0.0297,0.947,0.11,-28.069,0.0632,79.894,4,0
376,7odH627CfIdqmlV0M7HeWb,spotify:track:7odH627CfIdqmlV0M7HeWb,White Garden,Amine Ayad,0.985,0.326,0.0675,0.955,0.133,-25.438,0.0494,164.752,4,0
377,0TID2XzKx1DFybP338IxkU,spotify:track:0TID2XzKx1DFybP338IxkU,Florence,Jeroen Granneman,0.991,0.509,0.0316,0.939,0.112,-30.631,0.0464,119.069,4,0
378,0yccHAlypw9zM9Pf33lLjd,spotify:track:0yccHAlypw9zM9Pf33lLjd,Returning,Milo Edale,0.993,0.334,0.0203,0.919,0.0917,-32.364,0.0325,88.396,4,0
379,0JXXNGljqupsJaZsgSbMZV,spotify:track:0JXXNGljqupsJaZsgSbMZV,Sure Thing,Miguel,0.0267,0.684,0.607,0.000307,0.191,-8.127,0.1,81.001,4,0
380,7eQpbVg3tjHmtdOlAHxaTr,spotify:track:7eQpbVg3tjHmtdOlAHxaTr,CUFF IT - WETTER REMIX,Beyoncé,0.434,0.66,0.688,0.0,0.489,-6.34,0.0564,118.05,4,0
381,2zuDMKJ2rSgCMtJknUJBZ9,spotify:track:2zuDMKJ2rSgCMtJknUJBZ9,This Is,Ella Mai,0.221,0.483,0.492,0.0,0.0907,-6.734,0.157,168.79,4,0
382,47ssddfj7Ug6hO9Ol2AXGu,spotify:track:47ssddfj7Ug6hO9Ol2AXGu,Tell Me It's Over (feat. Summer Walker & 6LACK),Jacquees,0.389,0.702,0.472,0.0,0.112,-7.282,0.0967,122.083,4,0
383,1DA2ADZs6O28y2rmdmpekw,spotify:track:1DA2ADZs6O28y2rmdmpekw,2 Sugar (feat. Ayra Starr),Wizkid,0.0498,0.914,0.643,0.0,0.0618,-3.862,0.134,105.033,4,0
384,6Vt2v8xwxcGqAOcTKlBeWo,spotify:track:6Vt2v8xwxcGqAOcTKlBeWo,Waste My Time,Ari Lennox,0.0287,0.65,0.662,0.0,0.34,-7.555,0.0618,77.011,4,0
385,3MlQPB0wJuopo3NTZGlMpI,spotify:track:3MlQPB0wJuopo3NTZGlMpI,Where I Go (feat. H.E.R.),NxWorries,0.735,0.62,0.396,0.000985,0.0976,-15.498,0.206,87.865,4,0
386,6ufcuVInt0ocHrUimDjGlb,spotify:track:6ufcuVInt0ocHrUimDjGlb,PLASTIC OFF THE SOFA,Beyoncé,0.14,0.618,0.712,4.53e-06,0.575,-8.246,0.114,97.057,4,0
387,4ln9MQz4OChaV3eqGNS7BU,spotify:track:4ln9MQz4OChaV3eqGNS7BU,Save Your Soul,Tink,0.14,0.735,0.48,0.0,0.122,-8.754,0.278,133.075,4,0
388,4AwJSk491AvHk2AAJReGzZ,spotify:track:4AwJSk491AvHk2AAJReGzZ,Let Me Go,Daniel Caesar,0.689,0.601,0.481,0.0033,0.109,-8.366,0.0634,152.994,4,0
389,58cMDjQSUdWJUgFmHxRhjt,spotify:track:58cMDjQSUdWJUgFmHxRhjt,ICU,Coco Jones,0.753,0.584,0.453,0.0,0.111,-6.682,0.0661,124.913,3,0
390,2Eg5fW5yInLRGszS4s9eN6,spotify:track:2Eg5fW5yInLRGszS4s9eN6,Breaking Point,Leon Thomas,0.4,0.507,0.538,1.9e-05,0.161,-7.454,0.0643,111.458,4,0
391,1eIXYZWEfJO3Na2LCCnIJE,spotify:track:1eIXYZWEfJO3Na2LCCnIJE,Love Language,SZA,0.853,0.707,0.261,0.0,0.127,-10.139,0.0784,65.038,4,0
392,2rZQC2Hwy4sClylYHg2MXI,spotify:track:2rZQC2Hwy4sClylYHg2MXI,I'm Baby (ft. Jvck James),Ambré,0.136,0.521,0.565,1.65e-06,0.134,-9.596,0.0681,114.562,4,0
393,3JJqdVXy8p9rCtTmlv1mXO,spotify:track:3JJqdVXy8p9rCtTmlv1mXO,If I Had (feat. Charlie Wilson),Don Toliver,0.0644,0.461,0.496,0.000379,0.327,-5.996,0.0346,167.943,4,0
394,5VRVc5Cq5MbKJG5llJ8XvH,spotify:track:5VRVc5Cq5MbKJG5llJ8XvH,"Careful (From The Original Motion Picture ""Magic Mike's Last Dance"")",Lucky Daye,0.0114,0.703,0.537,0.0013,0.274,-8.69,0.0311,101.959,4,0
395,1muiS9jrDUTADqIE7yKuYV,spotify:track:1muiS9jrDUTADqIE7yKuYV,Used To Me (feat. Ty Dolla $ign),Mario,0.309,0.738,0.613,0.0,0.139,-6.81,0.0649,90.012,4,0
396,1pJsmr01tzKnFfjeCvzcdc,spotify:track:1pJsmr01tzKnFfjeCvzcdc,Nothing Even Matters,SiR,0.46,0.545,0.768,0.0,0.118,-5.249,0.269,115.052,4,0
397,2dOUErBzFZJ8l7MbV6FcYW,spotify:track:2dOUErBzFZJ8l7MbV6FcYW,Queen Space (with Summer Walker),Ari Lennox,0.174,0.8,0.614,0.000176,0.0849,-6.255,0.0668,135.018,4,0
398,1xTYy3K3hiTcoZfoD7culn,spotify:track:1xTYy3K3hiTcoZfoD7culn,Say You Want Me,Masego,0.19,0.884,0.658,0.00164,0.103,-5.94,0.134,112.978,4,0
399,0wOtc2nY3NOohp4xSwOyTN,spotify:track:0wOtc2nY3NOohp4xSwOyTN,We Might Even Be Falling In Love (Duet) - Spotify Singles,Victoria Monét,0.473,0.731,0.423,0.000413,0.129,-10.147,0.0784,76.964,4,0
400,6BQrmjAgPfPTwILoFEK3Hd,spotify:track:6BQrmjAgPfPTwILoFEK3Hd,I Wish you Roses,Kali Uchis,0.143,0.467,0.624,0.000899,0.145,-8.511,0.0508,141.889,4,0
401,06dQ2rcBkq7z3AEZ4jhvc2,spotify:track:06dQ2rcBkq7z3AEZ4jhvc2,Pray It Away,Chlöe,0.337,0.611,0.626,0.0,0.115,-5.087,0.0778,100.129,4,0
402,0XdwIG7p28SeTam3DVdMX6,spotify:track:0XdwIG7p28SeTam3DVdMX6,Until The End Of Time - Spotify Singles,Coco Jones,0.0635,0.695,0.526,0.0,0.215,-7.486,0.043,121.939,4,0
403,3ED40EjXiD4plW6UMteKGx,spotify:track:3ED40EjXiD4plW6UMteKGx,Curious (feat. Fabolous),Eric Bellinger,0.0495,0.805,0.616,0.0,0.0632,-4.866,0.313,84.978,4,0
404,1CcorUngVSo7k2GX8GLB53,spotify:track:1CcorUngVSo7k2GX8GLB53,Feature Me,FLO,0.116,0.731,0.493,8.32e-06,0.0619,-4.96,0.0581,127.03,4,0
405,3XgGQ1wjo5khvq2UImjyNF,spotify:track:3XgGQ1wjo5khvq2UImjyNF,ALL MINE,Brent Faiyaz,0.428,0.617,0.378,9.16e-05,0.11,-8.54,0.0315,141.967,4,0
406,2wSTnntOPRi7aQneobFtU4,spotify:track:2wSTnntOPRi7aQneobFtU4,Shirt,SZA,0.228,0.848,0.512,0.00232,0.0879,-7.72,0.102,120.009,4,0
407,2JIY6nN5kkkfNz0TckPqYu,spotify:track:2JIY6nN5kkkfNz0TckPqYu,Float (feat. Seun Kuti & Egypt 80),Janelle Monáe,0.202,0.783,0.504,0.0,0.854,-5.349,0.124,126.009,4,0
408,5ipyh2SML7XT0dfj38ln2w,spotify:track:5ipyh2SML7XT0dfj38ln2w,Enough for Love,Kelela,0.367,0.363,0.498,0.00213,0.638,-11.249,0.155,75.885,1,0
409,2z7L8jakEq0POyRdufZCT9,spotify:track:2z7L8jakEq0POyRdufZCT9,Apply Pressure,Lucky Daye,0.455,0.658,0.644,9.71e-06,0.0955,-9.268,0.398,89.779,4,0
410,1LPQheJpIsG8rlUkCmZx2D,spotify:track:1LPQheJpIsG8rlUkCmZx2D,Fight for Love,SAULT,0.42,0.836,0.411,0.382,0.0913,-9.084,0.0325,90.876,4,0
411,2prgEUNls0vlOlZoDzTw5m,spotify:track:2prgEUNls0vlOlZoDzTw5m,Like Her Too,Mario,0.594,0.557,0.455,0.0,0.122,-6.469,0.0444,123.842,3,0
412,2L85gIDzIGLTmHCRUW2pHR,spotify:track:2L85gIDzIGLTmHCRUW2pHR,FOREVER,Vedo,0.744,0.766,0.518,2.23e-05,0.109,-6.527,0.0835,119.906,4,0
413,2lVYLiHGIX6GajMqYXF1Un,spotify:track:2lVYLiHGIX6GajMqYXF1Un,FOREVER (with 6LACK),Jessie Reyez,0.543,0.815,0.606,2.03e-05,0.114,-4.496,0.0586,114.009,4,0
414,7ndcbnVmqORhDBMA0VPt4W,spotify:track:7ndcbnVmqORhDBMA0VPt4W,Let's Talk About It,Queen Naija,0.53,0.506,0.531,0.0,0.108,-6.927,0.0855,136.961,4,0
415,5BeLd9BErYOPAsHSFIWK3C,spotify:track:5BeLd9BErYOPAsHSFIWK3C,Obsession (feat. Muni Long) - Remix,Eric Bellinger,0.497,0.667,0.55,0.0,0.111,-8.533,0.0702,107.005,3,0
416,4MbzauKV2ydtZZjLsPcuTF,spotify:track:4MbzauKV2ydtZZjLsPcuTF,Spread Thin,Mariah the Scientist,0.0553,0.621,0.411,0.0,0.0816,-8.261,0.0333,110.113,4,0
417,2CSRrnOEELmhpq8iaAi9cd,spotify:track:2CSRrnOEELmhpq8iaAi9cd,Blind,SZA,0.911,0.461,0.279,0.0,0.205,-11.776,0.0373,114.225,4,0
418,2dsbZwFPMYhchakMgL72DD,spotify:track:2dsbZwFPMYhchakMgL72DD,DAYDREAM,DESTIN CONRAD,0.623,0.723,0.461,4.89e-06,0.237,-9.747,0.0776,117.983,4,0
419,0vA6Nhloi5UX2jmqX5Tvk9,spotify:track:0vA6Nhloi5UX2jmqX5Tvk9,Mad Riches,Sonder,0.948,0.395,0.241,0.000418,0.117,-11.555,0.045,77.873,4,0
420,3K9IrLs25jHtvWjAAFAfav,spotify:track:3K9IrLs25jHtvWjAAFAfav,Gotta Move On (feat. Bryson Tiller),Diddy,0.55,0.699,0.679,0.0,0.0816,-4.528,0.0556,102.919,4,0
421,4QzljsoizfscCExqa1CDWN,spotify:track:4QzljsoizfscCExqa1CDWN,So Be It,Alex Vaughn,0.166,0.733,0.625,0.0,0.118,-5.319,0.176,132.248,4,0
422,3FImu2LpSuH6gDHBuFgIbS,spotify:track:3FImu2LpSuH6gDHBuFgIbS,DO 4 LOVE,Snoh Aalegra,0.913,0.367,0.142,0.00367,0.107,-12.717,0.0319,69.827,4,0
423,35ovElsgyAtQwYPYnZJECg,spotify:track:35ovElsgyAtQwYPYnZJECg,Lift Me Up - From Black Panther: Wakanda Forever - Music From and Inspired By,Rihanna,0.899,0.247,0.299,0.0,0.131,-6.083,0.0315,177.115,4,0
424,4bYTTDFnNbakdU9NX8uMKj,spotify:track:4bYTTDFnNbakdU9NX8uMKj,Getting Late,Kenyon Dixon,0.756,0.538,0.659,0.00044,0.109,-8.122,0.234,88.791,4,0
425,7r1MqPAD09w24mCUUbxiCI,spotify:track:7r1MqPAD09w24mCUUbxiCI,Make You Mine,Giveon,0.87,0.551,0.37,0.0,0.122,-10.194,0.0551,137.265,4,0
